[
  {
    "function": "minecraft:set_lore",
    "lore": [
      {
        "text": "Damaged",
        "color": "#cc0000",
        "italic": false
      },
      {
        "text": "+4 Armor",
        "color": "blue",
        "italic": false
      },
      {
        "text": "-2 Health",
        "color": "red",
        "italic": false
      },
      {
        "text": "-10% Speed",
        "color": "red",
        "italic": false
      },
      {
        "text": "-25% Jump Strength",
        "color": "red",
        "italic": false
      },
      {
        "text": "-10% Water Movement Speed",
        "color": "red",
        "italic": false
      }
],
    "mode": "insert"
  },
  {
    "function": "minecraft:set_attributes",
    "modifiers": [
      {
        "id": "69181e88-4092-49c1-8ce2-9f41dfec2e13",
        "attribute": "minecraft:generic.armor",
        "amount": 4,
        "operation": "add_value",
        "slot": "armor"
      },
      {
        "id": "69181e88-4092-49c1-8ce2-9f41dfec2e13",
        "attribute": "minecraft:generic.max_health",
        "amount": -2,
        "operation": "add_value",
        "slot": "armor"
      },
      {
        "id": "69181e88-4092-49c1-8ce2-9f41dfec2e13",
        "attribute": "minecraft:generic.movement_speed",
        "amount": -0.01,
        "operation": "add_value",
        "slot": "armor"
      },
      {
        "id": "69181e88-4092-49c1-8ce2-9f41dfec2e13",
        "attribute": "minecraft:generic.jump_strength",
        "amount": -0.1,
        "operation": "add_value",
        "slot": "armor"
      },
      {
        "id": "69181e88-4092-49c1-8ce2-9f41dfec2e13",
        "attribute": "minecraft:generic.water_movement_efficiency",
        "amount": -0.1,
        "operation": "add_value",
        "slot": "armor"
      },
      {
        "id": "69181e88-4092-49c1-8ce2-9f41dfec2e13",
        "attribute": "minecraft:generic.armor_toughness",
        "amount": 0,
        "operation": "add_value",
        "slot": "armor"
      }
      
    ]
  },
  {
    "function": "minecraft:set_custom_data",
    "tag": "{stats:1b}"
  },
  {
    "function":"toggle_tooltips",
	"toggles":{"attribute_modifiers":false}}
]



