[
  {
    "function": "minecraft:set_lore",
    "lore": [
      {
        "text": "Divine",
        "color": "#99ffff",
        "italic": false
      },
      {
        "text": "+4 Armor",
        "color": "blue",
        "italic": false
      },
      {
        "text": "+7 Health",
        "color": "blue",
        "italic": false
      },
      {
        "text": "+10% Speed",
        "color": "blue",
        "italic": false
      },
      {
        "text": "+50% Jump Strength",
        "color": "blue",
        "italic": false
      },
      {
        "text": "+75% Water Movement Speed",
        "color": "blue",
        "italic": false
      }
    ],
    "mode": "insert"
  },
  {
    "function": "minecraft:set_attributes",
    "modifiers": [
      {
        "id": "7d9593ba-6f81-4a4f-ab88-19e400526412",
        "attribute": "minecraft:generic.armor",
        "amount": 4,
        "operation": "add_value",
        "slot": "armor"
      },
      {
        "id": "7d9593ba-6f81-4a4f-ab88-19e400526412",
        "attribute": "minecraft:generic.max_health",
        "amount": 7,
        "operation": "add_value",
        "slot": "armor"
      },
      {
        "id": "7d9593ba-6f81-4a4f-ab88-19e400526412",
        "attribute": "minecraft:generic.movement_speed",
        "amount": 0.01,
        "operation": "add_value",
        "slot": "armor"
      },
      {
        "id": "7d9593ba-6f81-4a4f-ab88-19e400526412",
        "attribute": "minecraft:generic.jump_strength",
        "amount": 0.1,
        "operation": "add_value",
        "slot": "armor"
      },
      {
        "id": "7d9593ba-6f81-4a4f-ab88-19e400526412",
        "attribute": "minecraft:generic.water_movement_efficiency",
        "amount": 0.75,
        "operation": "add_value",
        "slot": "armor"
      },
      {
        "id": "7d9593ba-6f81-4a4f-ab88-19e400526412",
        "attribute": "minecraft:generic.armor_toughness",
        "amount": 0,
        "operation": "add_value",
        "slot": "armor"
      }
      
    ]
  },
  {
    "function": "minecraft:set_custom_data",
    "tag": "{stats:1b}"
  },
  {
    "function":"toggle_tooltips",
	"toggles":{"attribute_modifiers":false}}
]
