[
  {
    "function": "minecraft:set_lore",
    "lore": [
      {
        "text": "Exceptional",
        "color": "#9900ff",
        "italic": false
      },
      {
        "text": "+4 Armor",
        "color": "blue",
        "italic": false
      },
      {
        "text": "+3 Health",
        "color": "blue",
        "italic": false
      },
      {
        "text": "+5% Speed",
        "color": "blue",
        "italic": false
      },
      {
        "text": "+10% Water Movement Speed",
        "color": "blue",
        "italic": false
      }
    ],
    "mode": "insert"
  },
  {
    "function": "minecraft:set_attributes",
    "modifiers": [
      {
        "id": "e247a520-41f6-43c4-a472-c538767eaf61",
        "attribute": "minecraft:generic.armor",
        "amount": 4,
        "operation": "add_value",
        "slot": "armor"
      },
      {
        "id": "e247a520-41f6-43c4-a472-c538767eaf61",
        "attribute": "minecraft:generic.max_health",
        "amount": 3,
        "operation": "add_value",
        "slot": "armor"
      },
      {
        "id": "e247a520-41f6-43c4-a472-c538767eaf61",
        "attribute": "minecraft:generic.movement_speed",
        "amount": 0.005,
        "operation": "add_value",
        "slot": "armor"
      },
      {
        "id": "e247a520-41f6-43c4-a472-c538767eaf61",
        "attribute": "minecraft:generic.water_movement_efficiency",
        "amount": 0.1,
        "operation": "add_value",
        "slot": "armor"
      },
      {
        "id": "e247a520-41f6-43c4-a472-c538767eaf61",
        "attribute": "minecraft:generic.armor_toughness",
        "amount": 0,
        "operation": "add_value",
        "slot": "armor"
      }
      
    ]
  },
  {
    "function": "minecraft:set_custom_data",
    "tag": "{stats:1b}"
  },
  {
    "function":"toggle_tooltips",
	"toggles":{"attribute_modifiers":false}}
]