[
  {
    "function": "minecraft:set_lore",
    "lore": [
      {
        "text": "Flimsy",
        "color": "#888888",
        "italic": false
      },
      {
        "text": "+4 Armor",
        "color": "blue",
        "italic": false
      }
    ],
    "mode": "insert"
  },
  {
    "function": "minecraft:set_attributes",
    "modifiers": [
      {
        "id": "ff9dfc04-f2bc-41ab-be70-5ae8e5718a0c",
        "attribute": "minecraft:generic.armor",
        "amount": 4,
        "operation": "add_value",
        "slot": "armor"
      },
      {
        "id": "ff9dfc04-f2bc-41ab-be70-5ae8e5718a0c",
        "attribute": "minecraft:generic.armor_toughness",
        "amount": 0,
        "operation": "add_value",
        "slot": "armor"
      }
      
    ]
  },
  {
    "function": "minecraft:set_custom_data",
    "tag": "{stats:1b}"
  },
  {
    "function":"toggle_tooltips",
	"toggles":{"attribute_modifiers":false}}
]
