[
  {
    "function": "minecraft:set_lore",
    "lore": [
      {
        "text": "Inferior",
        "color": "#cc0000",
        "italic": false
      },
      {
        "text": "+4 Armor",
        "color": "blue",
        "italic": false
      },
      {
        "text": "-1 Health",
        "color": "red",
        "italic": false
      },
      {
        "text": "-10% Speed",
        "color": "red",
        "italic": false
      }
    ],
    "mode": "insert"
  },
  {
    "function": "minecraft:set_attributes",
    "modifiers": [
      {
        "id": "b98f4821-6216-4f12-805e-72b2ab6b49fe",
        "attribute": "minecraft:generic.armor",
        "amount": 4,
        "operation": "add_value",
        "slot": "armor"
      },
      {
        "id": "b98f4821-6216-4f12-805e-72b2ab6b49fe",
        "attribute": "minecraft:generic.max_health",
        "amount": -1,
        "operation": "add_value",
        "slot": "armor"
      },
      {
        "id": "b98f4821-6216-4f12-805e-72b2ab6b49fe",
        "attribute": "minecraft:generic.movement_speed",
        "amount": -0.01,
        "operation": "add_value",
        "slot": "armor"
      },
      {
        "id": "b98f4821-6216-4f12-805e-72b2ab6b49fe",
        "attribute": "minecraft:generic.armor_toughness",
        "amount": 0,
        "operation": "add_value",
        "slot": "armor"
      }
      
    ]
  },
  {
    "function": "minecraft:set_custom_data",
    "tag": "{stats:1b}"
  },
  {
    "function":"toggle_tooltips",
	"toggles":{"attribute_modifiers":false}}
]
