{
    "display": {
      "icon": {
        "id": "minecraft:amethyst_cluster"
      },
      "title": {
        "text": "It's a Magical World",
        "color": "green",
        "bold": false,
        "italic": true
      },
      "description": {
        "text": "You've found an Arcane Node",
        "color": "gray",
        "bold": false,
        "italic": false
      },
      "frame": "task",
      "show_toast": true,
      "announce_to_chat": true,
      "hidden": false
    },
    "parent": "gd:gd",
    "criteria": {
      "in_arcane_node": {
        "trigger": "minecraft:location",
        "conditions": {
          "player": [
            {
              "condition": "minecraft:entity_properties",
              "entity": "this",
              "predicate": {
                "location": {
                  "structures": "gd:arcane_nodes"
                }
              }
            }
          ]
        }
      }
    },
    "requirements": [
      [
        "in_arcane_node"
      ]
    ]
  }
  