{
  "parent": "gd:cloud_nomads",
  "display": {
    "title": {
      "text": "All 3 Factions",
      "bold": false,
      "italic": true,
      "color": "aqua"
    },
    "description": {
      "text": "Meet all Captains of the Cloud Nomads",
      "color": "gray"
    },
    "icon": {
      "id": "minecraft:spyglass"
    },
    "frame": "task",
    "show_toast": true,
    "announce_to_chat": true,
    "hidden": false
  },
  "criteria": {
    "odo": {
      "trigger": "minecraft:player_interacted_with_entity",
      "conditions": {
        "entity": {
          "type": "minecraft:villager",
          "nbt": "{Tags:[\"odo\"]}"
        }
      }
    },
    "ysabell": {
      "trigger": "minecraft:player_interacted_with_entity",
      "conditions": {
        "entity": {
          "type": "minecraft:villager",
          "nbt": "{Tags:[\"ysabell\"]}"
        }
      }
    },"jerome": {
      "trigger": "minecraft:player_interacted_with_entity",
      "conditions": {
        "entity": {
          "type": "minecraft:villager",
          "nbt": "{Tags:[\"jerome\"]}"
        }
      }
    }
  },
  "requirements": [
    ["odo"], ["ysabell"], ["jerome"]
  ],
  "rewards": {
    "experience": 500
  }
}
