{
    "display": {
      "icon": {
        "id": "minecraft:filled_map"
      },
      "title": {
        "text": "Bones'n'Bricks",
        "color": "green",
        "bold": false,
        "italic": true
      },
      "description": {
        "text": "Visited the Overgrown Caves of Mirehaven",
        "color": "gray",
        "bold": false,
        "italic": false
      },
      "frame": "task",
      "show_toast": true,
      "announce_to_chat": true,
      "hidden": false
    },
    "parent": "gd:gd",
    "criteria": {
      "in_caves_of_mirehaven": {
        "trigger": "minecraft:location",
        "conditions": {
          "player": [
            {
              "condition": "minecraft:entity_properties",
              "entity": "this",
              "predicate": {
                "location": {
                  "structures": "gd:m_caves"
                }
              }
            }
          ]
        }
      }
    },
    "requirements": [
      [
        "in_caves_of_mirehaven"
      ]
    ],
    "rewards": {
      "function": "gd:structure/caves_of_mirehaven"
    }
  }
  