{
    "display": {
      "icon": {
        "id": "minecraft:elytra"
      },
      "title": {
        "text": "Way up There",
        "color": "green",
        "bold": false,
        "italic": true
      },
      "description": {
        "text": "Found one clan of the Cloud Nomads",
        "color": "gray",
        "bold": false,
        "italic": false
      },
      "frame": "task",
      "show_toast": true,
      "announce_to_chat": true,
      "hidden": false
    },
    "parent": "gd:gd",
    "criteria": {
      "in_cloud_nomads": {
        "trigger": "minecraft:location",
        "conditions": {
          "player": [
            {
              "condition": "minecraft:entity_properties",
              "entity": "this",
              "predicate": {
                "location": {
                  "structures": "gd:cloud_nomads"
                }
              }
            }
          ]
        }
      }
    },
    "requirements": [
      [
        "in_cloud_nomads"
      ]
    ],
    "rewards": {
      "function": "gd:structure/cloud_nomads"
    }
  }
  