{
    "display": {
        "title": {
            "text": "Center of the Labyrinth",
            "bold": false,
            "italic": true,
            "color": "gold"
        },
        "description": {
            "text": "Defeat the Blazing Devil",
            "color": "gray"
        },
        "icon": {
            "id": "minecraft:wither_skeleton_skull"
        },
        "frame": "challenge",
        "show_toast": true,
        "announce_to_chat": true,
        "hidden": false
    },
    "criteria": {
        "bossdevil": {
            "trigger": "minecraft:player_killed_entity",
            "conditions": {
                "entity": {
                    "nbt": "{Tags:[boss.devil]}"
                }
            }
        }
    },
    "requirements": [
        ["bossdevil"]
    ],
    "parent": "gd:blackstone_maze"
}
