{
  "parent": "gd:emberstone_bastion",
  "display": {
    "title": {
      "text": "Let's get him back on track",
      "bold": false,
      "italic": true,
      "color": "red"
    },
    "description": {
      "text": "Found one of the 3 Parts of Morbex Soul",
      "color": "gray"
    },
    "icon": {
      "id": "minecraft:lodestone"
    },
    "frame": "task",
    "show_toast": true,
    "announce_to_chat": true,
    "hidden": false
  },
  "criteria": {
    "morbex_y": {
      "trigger": "minecraft:inventory_changed",
      "conditions": {
        "items": [
          {
            "items": "minecraft:quartz",
              "components": {
                "minecraft:custom_data": "morbex_1:1b"
              }
          }
        ]
      }
    },
    "morbex_b": {
      "trigger": "minecraft:inventory_changed",
      "conditions": {
        "items": [
          {
            "items": "minecraft:quartz",
              "components": {
                "minecraft:custom_data": "morbex_2:1b"
              }
          }
        ]
      }
    },
    "morbex_r": {
      "trigger": "minecraft:inventory_changed",
      "conditions": {
        "items": [
          {
            "items": "minecraft:quartz",
              "components": {
                "minecraft:custom_data": "morbex_3:1b"
              }
          }
        ]
      }
    }
  },
  "requirements": [
    ["morbex_y"],
    ["morbex_b"],
    ["morbex_r"]

  ],
  "rewards": {
    "experience": 50
  },
  "sends_telemetry_event": true
}







