{
    "display": {
        "title": {
            "text": "The Crystal Coven",
            "bold": false,
            "italic": true,
            "color": "gold"
        },
        "description": {
            "text": "Defeat all 3 Witches of the Crystal Coven",
            "color": "gray"
        },
        "icon": {
            "id": "minecraft:skeleton_skull"
        },
        "frame": "challenge",
        "show_toast": true,
        "announce_to_chat": true,
        "hidden": false
    },
    "criteria": {
        "bosskaidaia": {
            "trigger": "minecraft:player_killed_entity",
            "conditions": {
                "entity": {
                    "nbt": "{Tags:[witch_1]}"
                }
            }
        },
        "bossmalificaia": {
            "trigger": "minecraft:player_killed_entity",
            "conditions": {
                "entity": {
                    "nbt": "{Tags:[witch_2]}"
                }
            }
        },
        "bosssylvanaia": {
            "trigger": "minecraft:player_killed_entity",
            "conditions": {
                "entity": {
                    "nbt": "{Tags:[witch_3]}"
                }
            }
        }
    },
    "requirements": [
        ["bosskaidaia"],
        ["bossmalificaia"],
        ["bosssylvanaia"]
    ],
    "parent": "gd:witch_hut"
}
