[
  {
    "function": "minecraft:set_lore",
    "lore": [
      {
        "text": "Exceptional",
        "color": "#9900ff",
        "italic": false
      },
      {
        "text": "+3 Armor",
        "color": "blue",
        "italic": false
      },
      {
        "text": "+3 Health",
        "color": "blue",
        "italic": false
      },
      {
        "text": "+5% Speed",
        "color": "blue",
        "italic": false
      },
      {
        "text": "-10% Burning Time",
        "color": "blue",
        "italic": false
      }
    ],
    "mode": "insert"
  },
  {
    "function": "minecraft:set_attributes",
    "modifiers": [
      {
        "id": "922e5bdc-a258-4452-ad74-f6e2eb9fb7ae",
        "attribute": "minecraft:generic.armor",
        "amount": 3,
        "operation": "add_value",
        "slot": "armor"
      },
      {
        "id": "922e5bdc-a258-4452-ad74-f6e2eb9fb7ae",
        "attribute": "minecraft:generic.max_health",
        "amount": 3,
        "operation": "add_value",
        "slot": "armor"
      },
      {
        "id": "922e5bdc-a258-4452-ad74-f6e2eb9fb7ae",
        "attribute": "minecraft:generic.movement_speed",
        "amount": 0.005,
        "operation": "add_value",
        "slot": "armor"
      },
      {
        "id": "922e5bdc-a258-4452-ad74-f6e2eb9fb7ae",
        "attribute": "minecraft:generic.burning_time",
        "amount": -0.1,
        "operation": "add_value",
        "slot": "armor"
      },
      {
        "id": "922e5bdc-a258-4452-ad74-f6e2eb9fb7ae",
        "attribute": "minecraft:generic.armor_toughness",
        "amount": 0,
        "operation": "add_value",
        "slot": "armor"
      }
      
    ]
  },
  {
    "function": "minecraft:set_custom_data",
    "tag": "{stats:1b}"
  },
  {
    "function":"toggle_tooltips",
	"toggles":{"attribute_modifiers":false}}
]