[
  {
    "function": "minecraft:set_lore",
    "lore": [
      {
        "text": "Flimsy",
        "color": "#888888",
        "italic": false
      },
      {
        "text": "+3 Armor",
        "color": "blue",
        "italic": false
      }
    ],
    "mode": "insert"
  },
  {
    "function": "minecraft:set_attributes",
    "modifiers": [
      {
        "id": "8d85eb2d-a3fe-4b8c-b8ed-84136610fc1d",
        "attribute": "minecraft:generic.armor",
        "amount": 3,
        "operation": "add_value",
        "slot": "armor"
      },
      {
        "id": "8d85eb2d-a3fe-4b8c-b8ed-84136610fc1d",
        "attribute": "minecraft:generic.armor_toughness",
        "amount": 0,
        "operation": "add_value",
        "slot": "armor"
      }
      
    ]
  },
  {
    "function": "minecraft:set_custom_data",
    "tag": "{stats:1b}"
  },
  {
    "function":"toggle_tooltips",
	"toggles":{"attribute_modifiers":false}}
]
