[
  {
    "function": "minecraft:set_lore",
    "lore": [
      {
        "text": "Mastercrafted",
        "color": "gold",
        "italic": false
      },
      {
        "text": "+3 Armor",
        "color": "blue",
        "italic": false
      },
      {
        "text": "+4 Health",
        "color": "blue",
        "italic": false
      },
      {
        "text": "+5% Speed",
        "color": "blue",
        "italic": false
      },
      {
        "text": "-25% Burning Time",
        "color": "blue",
        "italic": false
      }
    ],
    "mode": "insert"
  },
  {
    "function": "minecraft:set_attributes",
    "modifiers": [
      {
        "id": "cd174002-dd7a-4854-8018-86e3c3390944",
        "attribute": "minecraft:generic.armor",
        "amount": 3,
        "operation": "add_value",
        "slot": "armor"
      },
      {
        "id": "cd174002-dd7a-4854-8018-86e3c3390944",
        "attribute": "minecraft:generic.max_health",
        "amount": 4,
        "operation": "add_value",
        "slot": "armor"
      },
      {
        "id": "cd174002-dd7a-4854-8018-86e3c3390944",
        "attribute": "minecraft:generic.movement_speed",
        "amount": 0.005,
        "operation": "add_value",
        "slot": "armor"
      },
      {
        "id": "cd174002-dd7a-4854-8018-86e3c3390944",
        "attribute": "minecraft:generic.burning_time",
        "amount": -0.25,
        "operation": "add_value",
        "slot": "armor"
      },
      {
        "id": "cd174002-dd7a-4854-8018-86e3c3390944",
        "attribute": "minecraft:generic.armor_toughness",
        "amount": 0,
        "operation": "add_value",
        "slot": "armor"
      }
      
    ]
  },
  {
    "function": "minecraft:set_custom_data",
    "tag": "{stats:1b}"
  },
  {
    "function":"toggle_tooltips",
	"toggles":{"attribute_modifiers":false}}
]