[
  {
    "function": "minecraft:set_lore",
    "lore": [
      {
        "text": "Weak",
        "color": "#888888",
        "italic": false
      },
      {
        "text": "+3 Armor",
        "color": "blue",
        "italic": false
      },
      {
        "text": "-5% Speed",
        "color": "red",
        "italic": false
      },
      {
        "text": "-25% Jump Strength",
        "color": "red",
        "italic": false
      }
    ],
    "mode": "insert"
  },
  {
    "function": "minecraft:set_attributes",
    "modifiers": [
      {
        "id": "e6f50ec4-a578-44b2-855f-ae5d716cbba8",
        "attribute": "minecraft:generic.armor",
        "amount": 3,
        "operation": "add_value",
        "slot": "armor"
      },
      {
        "id": "e6f50ec4-a578-44b2-855f-ae5d716cbba8",
        "attribute": "minecraft:generic.movement_speed",
        "amount": -0.005,
        "operation": "add_value",
        "slot": "armor"
      },
      {
        "id": "e6f50ec4-a578-44b2-855f-ae5d716cbba8",
        "attribute": "minecraft:generic.jump_strength",
        "amount": -0.1,
        "operation": "add_value",
        "slot": "armor"
      },
      {
        "id": "e6f50ec4-a578-44b2-855f-ae5d716cbba8",
        "attribute": "minecraft:generic.armor_toughness",
        "amount": 0,
        "operation": "add_value",
        "slot": "armor"
      }
      
    ]
  },
  {
    "function": "minecraft:set_custom_data",
    "tag": "{stats:1b}"
  },
  {
    "function":"toggle_tooltips",
	"toggles":{"attribute_modifiers":false}}
]
