{
  "type": "minecraft:crafting_shapeless",
  "category": "equipment",
  "ingredients": [
    {
      "item": "minecraft:arrow"
    },
    {
      "item": "minecraft:amethyst_shard"
    }
  ],
  "result": {
    "id": "minecraft:arrow",
    "count": 2,
    "components": {
      "minecraft:custom_name": "{\"color\":\"#cc99ff\",\"italic\":true,\"text\":\"Amethyst Arrow\"}",
      "minecraft:lore": [
        "{\"text\":\"Causes the victim to bleed\",\"italic\":false,\"color\":\"gray\"}"
      ],
      "minecraft:potion_contents": {
        "custom_color": 13408767,
        "custom_effects": [
          {
            "id": "minecraft:wither",
            "amplifier": 1,
            "duration": 300,
            "ambient": false,
            "show_particles": false,
            "show_icon": false
          },
          {
            "id": "minecraft:weakness",
            "amplifier": 0,
            "duration": 300,
            "ambient": false,
            "show_particles": false,
            "show_icon": false
          }
        ]
      },
      "minecraft:custom_model_data": 1
    }
  }
}
