{
  "type": "minecraft:crafting_shapeless",
  "category": "equipment",
  "ingredients": [
    {
      "item": "minecraft:spectral_arrow"
    },
    {
      "item": "minecraft:copper_ingot"
    }
  ],
  "result": {
    "id": "minecraft:arrow",
    "count": 2,
    "components": {
      "minecraft:custom_name": "{\"color\":\"#FF7045\",\"italic\":true,\"text\":\"Infused Copper Arrow\"}",
      "minecraft:lore": [
        "{\"text\":\"+35% Damage to undead victims\",\"italic\":false,\"color\":\"gray\"}"
      ],
      "minecraft:potion_contents": {
        "custom_color": 16740421,
        "custom_effects": [
          {
            "id": "minecraft:instant_health",
            "amplifier": 0,
            "duration": 10,
            "ambient": false,
            "show_particles": false,
            "show_icon": false
          }
        ]
      },
      "minecraft:custom_model_data": 3
    }
  }
}
