{
  "type": "minecraft:crafting_shapeless",
  "category": "equipment",
  "ingredients": [
    {
      "item": "minecraft:spectral_arrow"
    },
    {
      "item": "minecraft:diamond"
    }
  ],
  "result": {
    "id": "minecraft:arrow",
    "count": 2,
    "components": {
      "minecraft:custom_name": "{\"color\":\"#33ffff\",\"italic\":true,\"text\":\"Infused Diamond Arrow\"}",
      "minecraft:lore": [
        "{\"text\":\"+80% Damage to undead victims\",\"italic\":false,\"color\":\"gray\"}"
      ],
      "minecraft:potion_contents": {
        "custom_color": 7202793,
        "custom_effects": [
          {
            "id": "minecraft:instant_health",
            "amplifier": 2,
            "duration": 10,
            "ambient": false,
            "show_particles": false,
            "show_icon": false
          }
        ]
      },
      "minecraft:custom_model_data": 7
    }
  }
}
