{
  "values": [
#caves cold
    {
      "id": "terralith:frostfire_caves",
      "required": false
    },

#caves temperate
	"minecraft:dripstone_caves",
    {
      "id": "terralith:andesite_caves",
      "required": false
    },    {
      "id": "terralith:diorite_caves",
      "required": false
    },    {
      "id": "terralith:granite_caves",
      "required": false
    },    {
      "id": "terralith:tuff_caves",
      "required": false
    },

#caves tropical
    {
      "id": "terralith:fungal_caves",
      "required": false
    },    {
      "id": "terralith:infested_caves",
      "required": false
    },    {
      "id": "terralith:thermal_caves",
      "required": false
    },    {
      "id": "terralith:underground_jungle",
      "required": false
    },

#caves arid

#caves hot
    {
      "id": "terralith:mantle_caves",
      "required": false
    },

#water
	"minecraft:river",
	"minecraft:frozen_ocean",
	"minecraft:warm_ocean",

#cold
	"minecraft:snowy_taiga",
	"minecraft:snowy_plains",
	"minecraft:grove",
    {
      "id": "terralith:alpine_grove",
      "required": false
    },
    {
      "id": "terralith:cold_shrubland",
      "required": false
    },
    {
      "id": "terralith:siberian_grove",
      "required": false
    },
    {
      "id": "terralith:siberian_taiga",
      "required": false
    },
    {
      "id": "terralith:snowy_badlands",
      "required": false
    },
    {
      "id": "terralith:snowy_cherry_grove",
      "required": false
    },
    {
      "id": "terralith:snowy_maple_forest",
      "required": false
    },
    {
      "id": "terralith:snowy_shield",
      "required": false
    },
    {
      "id": "terralith:wintry_forest",
      "required": false
    },
    {
      "id": "terralith:wintry_lowlands",
      "required": false
    },
    {
      "id": "terralith:ice_marsh",
      "required": false
    },


#cold special
	"minecraft:ice_spikes",
    {
      "id": "terralith:skylands_winter",
      "required": false
    },

#temperate
	"minecraft:plains",
	"minecraft:sunflower_plains",
	"minecraft:meadow",
	"minecraft:cherry_grove",
	"minecraft:windswept_hills",
	"minecraft:windswept_gravelly_hills",
	"minecraft:windswept_forest",
	"minecraft:forest",
	"minecraft:flower_forest",
	"minecraft:taiga",
	"minecraft:old_growth_pine_taiga",
	"minecraft:old_growth_spruce_taiga",
	"minecraft:birch_forest",
	"minecraft:old_growth_birch_forest",
	"minecraft:dark_forest",
	"minecraft:swamp",
	"minecraft:mangrove_swamp",
    {
      "id": "terralith:alpine_highlands",
      "required": false
    },
    {
      "id": "terralith:birch_taiga",
      "required": false
    },
    {
      "id": "terralith:blooming_plateau",
      "required": false
    },
    {
      "id": "terralith:brushland",
      "required": false
    },
    {
      "id": "terralith:cloud_forest",
      "required": false
    },
    {
      "id": "terralith:highlands",
      "required": false
    },
    {
      "id": "terralith:lush_valley",
      "required": false
    },
    {
      "id": "terralith:moonlight_grove",
      "required": false
    },
    {
      "id": "terralith:moonlight_valley",
      "required": false
    },
    {
      "id": "terralith:orchid_swamp",
      "required": false
    },
    {
      "id": "terralith:rocky_shrubland",
      "required": false
    },
    {
      "id": "terralith:shield_clearing",
      "required": false
    },
    {
      "id": "terralith:shield",
      "required": false
    },
    {
      "id": "terralith:steppe",
      "required": false
    },
    {
      "id": "terralith:valley_clearing",
      "required": false
    },
    {
      "id": "terralith:yosemite_lowlands",
      "required": false
    },

#temperate special
    {
      "id": "terralith:blooming_valley",
      "required": false
    },
    {
      "id": "terralith:forested_highlands",
      "required": false
    },
    {
      "id": "terralith:gravel_desert",
      "required": false
    },
    {
      "id": "terralith:haze_mountain",
      "required": false
    },
    {
      "id": "terralith:lavender_forest",
      "required": false
    },
    {
      "id": "terralith:lavender_valley",
      "required": false
    },
    {
      "id": "terralith:rocky_jungle",
      "required": false
    },
    {
      "id": "terralith:sakura_grove",
      "required": false
    },
    {
      "id": "terralith:sakura_valley",
      "required": false
    },
    {
      "id": "terralith:skylands_autumn",
      "required": false
    },
    {
      "id": "terralith:skylands_spring",
      "required": false
    },
    {
      "id": "terralith:skylands_summer",
      "required": false
    },
    {
      "id": "terralith:temperate_highlands",
      "required": false
    },

#tropical
	"minecraft:jungle",
	"minecraft:sparse_jungle",
	"minecraft:bamboo_jungle",
    {
      "id": "terralith:tropical_jungle",
      "required": false
    },
    {
      "id": "terralith:amethyst_canyon",
      "required": false
    },
    {
      "id": "terralith:amethyst_rainforest",
      "required": false
    },

#tropical special

#arid
	"minecraft:savanna",
	"minecraft:savanna_plateau",
	"minecraft:wooded_badlands",
	"minecraft:badlands",
    {
      "id": "terralith:arid_highlands",
      "required": false
    },
    {
      "id": "terralith:fractured_savanna",
      "required": false
    },
    {
      "id": "terralith:hot_shrubland",
      "required": false
    },
    {
      "id": "terralith:savanna_badlands",
      "required": false
    },
    {
      "id": "terralith:shrubland",
      "required": false
    },
    {
      "id": "terralith:white_mesa",
      "required": false
    },

#arid special
    {
      "id": "terralith:ashen_savanna",
      "required": false
    },
    {
      "id": "terralith:savanna_slopes",
      "required": false
    },
    {
      "id": "terralith:yellowstone",
      "required": false
    },

#hot
	"minecraft:desert",
	"minecraft:savanna",
    {
      "id": "terralith:ancient_sands",
      "required": false
    },
    {
      "id": "terralith:bryce_canyon",
      "required": false
    },
    {
      "id": "terralith:desert_canyon",
      "required": false
    },
    {
      "id": "terralith:lush_desert",
      "required": false
    },

#hot special
    {
      "id": "terralith:desert_oasis",
      "required": false
    },
    {
      "id": "terralith:red_oasis",
      "required": false
    },
    {
      "id": "terralith:sandstone_valley",
      "required": false
    }
  ]
}