{
	"description": "Fire Burst",
	"supported_items": "minecraft:shield",
	"slots": ["hand","chest"],
	"weight": 100,
	"anvil_cost": 0,
	"min_cost": {
		"base": 1,
		"per_level_above_first": 0
	},
	"max_cost": {
		"base": 10,
		"per_level_above_first": 0
	},
	"max_level": 1,
	"effects": {
		"minecraft:tick": [{
			"effect": {
				"type": "minecraft:run_function",
				"function": "gd:enchantments/fire_burst/fire_burst_load"
			},
			"requirements": {
				"condition": "entity_properties",
				"entity": "this",
				"predicate": {"flags": {"is_sneaking": false}}
			}

		},{
			"effect": {
				"type": "minecraft:run_function",
				"function": "gd:enchantments/fire_burst/fire_burst"
			},
			"requirements": {
				"condition": "entity_properties",
				"entity": "this",
				"predicate": {"flags": {"is_sneaking": true}}
			}

		}]
	}
}
