{
	"description": "Lightning",
	"supported_items": "#gd:ranged_weapon",
	"slots": ["mainhand"],
	"weight": 2,
	"anvil_cost": 0,
  	"max_cost": {
   	 "base": 65,
   	 "per_level_above_first": 0
  	},
 	 "max_level": 1,
 	 "min_cost": {
  	  "base": 15,
  	  "per_level_above_first": 0
 	 },
	"max_level": 1,
	"effects": {
		"minecraft:projectile_spawned": [{
			"effect": {
				"type": "minecraft:run_function",
				"function": "gd:enchantments/lightning/lightning_bow_split"
			}

		}],
		"minecraft:post_attack": [{
			"enchanted": "attacker",
			"affected": "victim",
			"effect": {
				"type": "minecraft:run_function",
				"function": "gd:enchantments/lightning/lightning_bow"
			}

		}]
	}
}
