{
	"description": "Veil of Shadows",
	"supported_items": "#minecraft:foot_armor",
	"slots": ["feet","chest"],
	"weight": 1,
	"anvil_cost": 12,
	"min_cost": {
		"base": 15,
		"per_level_above_first": 0
	},
	"max_cost": {
		"base": 65,
		"per_level_above_first": 0
	},
	"max_level": 1,
	"effects": {
		"minecraft:tick": [{
			"effect": {
				"type": "minecraft:run_function",
				"function": "gd:enchantments/veil_of_shadows"
			},
			"requirements": {
				"condition": "entity_properties",
				"entity": "this",
				"predicate": {"flags": {"is_sneaking": true}}
			}

		}]
	}
}
