{
  "pools": [
    {
      "rolls": {
        "min": 1,
        "max": 2
      },
      "bonus_rolls": 0,
      "entries": [
        {
          "type": "minecraft:loot_table",
          "value": "gd:chests/saddles"
        },{
          "type": "minecraft:loot_table",
          "value": "gd:chests/horse_armor"
        }
      ]
    },
    {
      "rolls": {
        "min": 1,
        "max": 1
      },
      "bonus_rolls": 0,
      "entries": [
        {
          "type": "minecraft:loot_table",
          "value": "gd:chests/tomes"
        }
      ]
    },
    {
      "rolls": {
        "min": 2,
        "max": 3
      },
      "bonus_rolls": 0,
      "entries": [
        {
          "type": "minecraft:loot_table",
          "value": "gd:chests/coins"
        }
      ]
    },
    {
      "rolls": {
        "min": 2,
        "max": 5
      },
      "bonus_rolls": 0,
      "entries": [
        {
          "type": "minecraft:loot_table",
          "value": "gd:chests/spells"
        }
      ]
    },
    {
      "rolls": {
        "min": 3,
        "max": 7
      },
      "bonus_rolls": 0,
      "entries": [
        {
          "type": "minecraft:loot_table",
          "value": "gd:chests/lingering_potions"
        }
      ]
    }
  ]
}
