{
  "pools": [
    {
      "rolls": {
        "min": 1,
        "max": 2
      },
      "bonus_rolls": 0,
      "entries": [
        {
          "type": "minecraft:loot_table",
          "value": "gd:chests/stone_runes"
        },{
          "type": "minecraft:loot_table",
          "value": "gd:chests/coins"
        }
      ]
    },
    {
      "rolls": {
        "min": 1,
        "max": 4
      },
      "bonus_rolls": 0,
      "entries": [
        {
          "type": "minecraft:loot_table",
          "value": "gd:chests/food_items"
        }
      ]
    },
    {
      "rolls": {
        "min": 2,
        "max": 5
      },
      "bonus_rolls": 0,
      "entries": [
        {
          "type": "minecraft:loot_table",
          "value": "gd:chests/special_arrows"
        }
      ]
    },
    {
      "rolls": {
        "min": 3,
        "max": 5
      },
      "bonus_rolls": 0,
      "entries": [
        {
          "type": "minecraft:loot_table",
          "value": "gd:chests/potions"
        }
      ]
    }
  ]
}
