{
  "pools": [

    {
      "rolls": 1,
      "entries": [
        {
          "type": "minecraft:item",
          "name": "minecraft:enchanted_book",
          "weight": 100,
          "quality": 1,
          "functions": [
            {
              "function": "minecraft:set_components",
              "components": {
                "minecraft:custom_name": "{\"color\":\"gold\",\"italic\":true,\"text\":\"Star Shower Enchantment\"}",
                "minecraft:lore": [
                  "{\"color\":\"gray\",\"italic\":false,\"text\":\"Used on: Weapons\"}","{\"color\":\"gray\",\"italic\":false,\"text\":\"When activated, conjures a fire sphere,\"}","{\"color\":\"gray\",\"italic\":false,\"text\":\"which burns nearby targets.\"}","{\"color\":\"gray\",\"italic\":false,\"text\":\"Magicka Cost: 12000/usage\"}"
                ],
                "minecraft:rarity": "common",
                "minecraft:custom_model_data": 10,
                "minecraft:stored_enchantments": {
                  "gd_enchantment:star_shower": 1
                }
              }
            }
          ]
        }
      ]
    },{
      "rolls": {
        "min": 1,
        "max": 2
      },
      "bonus_rolls": 0,
      "entries": [
        {
          "type": "minecraft:loot_table",
          "value": "gd:chests/stone_runes",
          "weight": 1,
          "quality": 2
        },
        {
          "type": "minecraft:loot_table",
          "value": "gd:chests/tomes",
          "weight": 3,
          "quality": 1
        }
      ]
    },{
      "rolls": {
        "min": 2,
        "max": 4
      },
      "bonus_rolls": 0,
      "entries": [
        {
          "type": "minecraft:item",
          "name": "minecraft:blaze_rod",
          "weight": 1,
          "quality": 1,
          "functions": [
            {
              "function": "minecraft:set_count",
              "count": {
                "min": 3,
                "max": 8
              }
            }
          ]
        },
        {
          "type": "minecraft:item",
          "name": "minecraft:blaze_powder",
          "weight": 1,
          "quality": 1,
          "functions": [
            {
              "function": "minecraft:set_count",
              "count": {
                "min": 2,
                "max": 5
              }
            }
          ]
        },{
          "type": "minecraft:loot_table",
          "value": "gd:chests/armor_trims",
          "weight": 1,
          "quality": 2
        }
      ]
    },{
      "rolls": {
        "min": 2,
        "max": 4
      },
      "bonus_rolls": 0,
      "entries": [
        {
          "type": "minecraft:loot_table",
          "value": "minecraft:chests/bastion_hoglin_stable",
          "weight": 3,
          "quality": 1
        },
        {
          "type": "minecraft:loot_table",
          "value": "gd:chests/chests/ruined_portal",
          "weight": 1,
          "quality": 2
        }
      ]
    }
  ]
}
