{
  "pools": [
    {
      "rolls": {
        "min": 1,
        "max": 3
      },
      "bonus_rolls": 0,
      "entries": [
        {
          "type": "minecraft:loot_table",
          "value": "gd:chests/food_items_raw_fish"
        },{
          "type": "minecraft:loot_table",
          "value": "gd:chests/food_items_vegetables"
        }
      ]
    },
    {
      "rolls": {
        "min": 0,
        "max": 2
      },
      "bonus_rolls": 0,
      "entries": [
        {
          "type": "minecraft:loot_table",
          "value": "gd:chests/arrows"
        }
      ]
    }
  ]
}
