{
  "pools": [
    {
      "rolls": 1,
      "entries": [
        {
          "type": "minecraft:item",
          "name": "minecraft:enchanted_book",
          "weight": 1,
          "quality": 1,
          "functions": [
            {
              "function": "minecraft:set_components",
              "components": {
                "minecraft:custom_name": "{\"color\":\"gold\",\"italic\":true,\"text\":\"Star Shower Enchantment\"}",
                "minecraft:lore": [
                  "{\"color\":\"gray\",\"italic\":false,\"text\":\"Used on: Weapons\"}","{\"color\":\"gray\",\"italic\":false,\"text\":\"When activated, conjures a fire sphere,\"}","{\"color\":\"gray\",\"italic\":false,\"text\":\"which burns nearby targets.\"}","{\"color\":\"gray\",\"italic\":false,\"text\":\"Magicka Cost: 12000/usage\"}"
                ],
                "minecraft:rarity": "common",
                "minecraft:custom_model_data": 10,
                "minecraft:stored_enchantments": {
                  "gd_enchantment:star_shower": 1
                }
              }
            }
          ]
        },{
          "type": "minecraft:item",
          "name": "minecraft:enchanted_book",
          "weight": 1,
          "quality": 1,
          "functions": [
            {
              "function": "minecraft:set_components",
              "components": {
                "minecraft:custom_name": "{\"color\":\"gold\",\"italic\":true,\"text\":\"Void Sphere Enchantment\"}",
                "minecraft:lore": [
                  "{\"color\":\"gray\",\"italic\":false,\"text\":\"Used on: Maces\"}","{\"color\":\"gray\",\"italic\":false,\"text\":\"When activated, conjures a void orb\"}","{\"color\":\"gray\",\"italic\":false,\"text\":\"that pulls targets in.\"}","{\"color\":\"gray\",\"italic\":false,\"text\":\"Magicka Cost: 16000/usage\"}"
                ],
                "minecraft:rarity": "common",
                "minecraft:custom_model_data": 10,
                "minecraft:stored_enchantments": {
                  "gd_enchantment:void_sphere": 1
                }
              }
            }
          ]
        },{
          "type": "minecraft:item",
          "name": "minecraft:enchanted_book",
          "weight": 1,
          "quality": 1,
          "functions": [
            {
              "function": "minecraft:set_components",
              "components": {
                "minecraft:custom_name": "{\"color\":\"gold\",\"italic\":true,\"text\":\"Light Wave Enchantment\"}",
                "minecraft:lore": [
                  "{\"color\":\"gray\",\"italic\":false,\"text\":\"Used on: Swords\"}","{\"color\":\"gray\",\"italic\":false,\"text\":\"Releases a wave of golden light,\"}","{\"color\":\"gray\",\"italic\":false,\"text\":\"dealing heavy holy damage.\"}","{\"color\":\"gray\",\"italic\":false,\"text\":\"Magicka Cost: 8000/usage\"}"
                ],
                "minecraft:rarity": "common",
                "minecraft:custom_model_data": 10,
                "minecraft:stored_enchantments": {
                  "gd_enchantment:light_wave": 1
                }
              }
            }
          ]
        },{
          "type": "minecraft:item",
          "name": "minecraft:enchanted_book",
          "weight": 1,
          "quality": 1,
          "functions": [
            {
              "function": "minecraft:set_components",
              "components": {
                "minecraft:custom_name": "{\"color\":\"gold\",\"italic\":true,\"text\":\"Mistbreaker Enchantment\"}",
                "minecraft:lore": [
                  "{\"color\":\"gray\",\"italic\":false,\"text\":\"Used on: Elytras\"}","{\"color\":\"gray\",\"italic\":false,\"text\":\"Teleports the caster between dimensions.\"}","{\"color\":\"gray\",\"italic\":false,\"text\":\"Magicka Cost: 16000/usage\"}"
                ],
                "minecraft:rarity": "common",
                "minecraft:custom_model_data": 10,
                "minecraft:stored_enchantments": {
                  "gd_enchantment:mistbreaker": 1
                }
              }
            }
          ]
        }
      ]
    }
  ]
}
