{
  "pools": [
    {
      "rolls": {
        "min": 2,
        "max": 6
      },
      "bonus_rolls": 0,
      "entries": [
        {
          "type": "minecraft:loot_table",
          "value": "gd:chests/potions"
        },{
          "type": "minecraft:loot_table",
          "value": "gd:chests/lingering_potions"
        }
      ]
    },
    {
      "rolls": {
        "min": 6,
        "max": 12
      },
      "bonus_rolls": 0,
      "entries": [
        {
          "type": "minecraft:loot_table",
          "value": "gd:chests/special_arrows"
        }
      ]
    },
    {
      "rolls": {
        "min": 0,
        "max": 1
      },
      "bonus_rolls": 0,
      "entries": [
        {
          "type": "minecraft:loot_table",
          "value": "gd:chests/stone_runes"
        }
      ]
    },
    {
      "rolls": {
        "min": 1,
        "max": 4
      },
      "bonus_rolls": 0,
      "entries": [
        {
          "type": "minecraft:loot_table",
          "value": "gd:chests/spells"
        },{
          "type": "minecraft:loot_table",
          "value": "gd:chests/drinks"
        }
      ]
    },
    {
      "rolls": {
        "min": 0,
        "max": 2
      },
      "bonus_rolls": 0,
      "entries": [
        {
          "type": "minecraft:loot_table",
          "value": "gd:chests/enchantments_rare"
        },{
          "type": "minecraft:loot_table",
          "value": "gd:chests/horse_armor"
        }
      ]
    }
  ]
}
