{
  "pools": [
    {
      "rolls": 3,
      "entries": [
        {
          "type": "minecraft:item",
          "name": "minecraft:beetroot",
          "weight": 1,
          "quality": 1,
          "functions": [
            {
              "function": "minecraft:set_count",
              "count": 6
            }
          ]
        },{
          "type": "minecraft:item",
          "name": "minecraft:sweet_berries",
          "weight": 1,
          "quality": 1,
          "functions": [
            {
              "function": "minecraft:set_count",
              "count": 4
            }
          ]
        },{
          "type": "minecraft:item",
          "name": "minecraft:glow_berries",
          "weight": 1,
          "quality": 1,
          "functions": [
            {
              "function": "minecraft:set_count",
              "count": 5
            }
          ]
        },{
          "type": "minecraft:item",
          "name": "minecraft:apple",
          "weight": 1,
          "quality": 1,
          "functions": [
            {
              "function": "minecraft:set_count",
              "count": 2
            }
          ]
        },{
          "type": "minecraft:item",
          "name": "minecraft:carrot",
          "weight": 1,
          "quality": 1,
          "functions": [
            {
              "function": "minecraft:set_count",
              "count": 4
            }
          ]
        },{
          "type": "minecraft:item",
          "name": "minecraft:potato",
          "weight": 1,
          "quality": 1,
          "functions": [
            {
              "function": "minecraft:set_count",
              "count": 3
            }
          ]
        }
      ]
    }
  ]
}
