{
  "pools": [
    {
      "rolls": 3,
      "entries": [
        {
          "type": "minecraft:item",
          "name": "minecraft:beetroot",
          "weight": 18,
          "quality": 1,
          "functions": [
            {
              "function": "minecraft:set_count",
              "count": 12
            }
          ]
        },{
          "type": "minecraft:item",
          "name": "minecraft:cookie",
          "weight": 17,
          "quality": 1,
          "functions": [
            {
              "function": "minecraft:set_count",
              "count": 5
            }
          ]
        },{
          "type": "minecraft:item",
          "name": "minecraft:mushroom_stew",
          "weight": 16,
          "quality": 1,
          "functions": [
            {
              "function": "minecraft:set_count",
              "count": 1
            }
          ]
        },{
          "type": "minecraft:item",
          "name": "minecraft:beetroot_soup",
          "weight": 1,
          "quality": 1,
          "functions": [
            {
              "function": "minecraft:set_count",
              "count": 1
            }
          ]
        },{
          "type": "minecraft:item",
          "name": "minecraft:apple",
          "weight": 15,
          "quality": 1,
          "functions": [
            {
              "function": "minecraft:set_count",
              "count": 5
            }
          ]
        },{
          "type": "minecraft:item",
          "name": "minecraft:cooked_cod",
          "weight": 14,
          "quality": 2,
          "functions": [
            {
              "function": "minecraft:set_count",
              "count": 6
            }
          ]
        },{
          "type": "minecraft:item",
          "name": "minecraft:cooked_salmon",
          "weight": 13,
          "quality": 2,
          "functions": [
            {
              "function": "minecraft:set_count",
              "count": 6
            }
          ]
        },{
          "type": "minecraft:item",
          "name": "minecraft:rabbit_stew",
          "weight": 12,
          "quality": 3,
          "functions": [
            {
              "function": "minecraft:set_count",
              "count": 1
            }
          ]
        },{
          "type": "minecraft:item",
          "name": "minecraft:bread",
          "weight": 11,
          "quality": 3,
          "functions": [
            {
              "function": "minecraft:set_count",
              "count": 4
            }
          ]
        },{
          "type": "minecraft:item",
          "name": "minecraft:cooked_rabbit",
          "weight": 10,
          "quality": 3,
          "functions": [
            {
              "function": "minecraft:set_count",
              "count": 3
            }
          ]
        },{
          "type": "minecraft:item",
          "name": "minecraft:cooked_chicken",
          "weight": 9,
          "quality": 4,
          "functions": [
            {
              "function": "minecraft:set_count",
              "count": 4
            }
          ]
        },{
          "type": "minecraft:item",
          "name": "minecraft:golden_carrot",
          "weight": 8,
          "quality": 4,
          "functions": [
            {
              "function": "minecraft:set_count",
              "count": 3
            }
          ]
        },{
          "type": "minecraft:item",
          "name": "minecraft:cooked_porkchop",
          "weight": 7,
          "quality": 4,
          "functions": [
            {
              "function": "minecraft:set_count",
              "count": 3
            }
          ]
        },{
          "type": "minecraft:item",
          "name": "minecraft:baked_potato",
          "weight": 6,
          "quality": 4,
          "functions": [
            {
              "function": "minecraft:set_count",
              "count": 6
            }
          ]
        },{
          "type": "minecraft:item",
          "name": "minecraft:cooked_mutton",
          "weight": 5,
          "quality": 4,
          "functions": [
            {
              "function": "minecraft:set_count",
              "count": 2
            }
          ]
        },{
          "type": "minecraft:item",
          "name": "minecraft:cooked_beef",
          "weight": 4,
          "quality": 5,
          "functions": [
            {
              "function": "minecraft:set_count",
              "count": 2
            }
          ]
        },{
          "type": "minecraft:item",
          "name": "minecraft:pumpkin_pie",
          "weight": 3,
          "quality": 5,
          "functions": [
            {
              "function": "minecraft:set_count",
              "count": 1
            }
          ]
        },{
          "type": "minecraft:item",
          "name": "minecraft:cake",
          "weight": 2,
          "quality": 5,
          "functions": [
            {
              "function": "minecraft:set_count",
              "count": 1
            }
          ]
        },{
          "type": "minecraft:item",
          "name": "minecraft:golden_apple",
          "weight": 1,
          "quality": 5,
          "functions": [
            {
              "function": "minecraft:set_count",
              "count": 1
            }
          ]
        }
      ]
    }
  ]
}
