{
  "pools": [
    {
      "rolls": 2,
      "entries": [
        {
          "type": "minecraft:item",
          "name": "minecraft:rabbit",
          "weight": 5,
          "quality": 1,
          "functions": [
            {
              "function": "minecraft:set_count",
              "count": 3
            }
          ]
        },{
          "type": "minecraft:item",
          "name": "minecraft:chicken",
          "weight": 4,
          "quality": 2,
          "functions": [
            {
              "function": "minecraft:set_count",
              "count": 4
            }
          ]
        },{
          "type": "minecraft:item",
          "name": "minecraft:porkchop",
          "weight": 3,
          "quality": 2,
          "functions": [
            {
              "function": "minecraft:set_count",
              "count": 3
            }
          ]
        },{
          "type": "minecraft:item",
          "name": "minecraft:mutton",
          "weight": 2,
          "quality": 3,
          "functions": [
            {
              "function": "minecraft:set_count",
              "count": 2
            }
          ]
        },{
          "type": "minecraft:item",
          "name": "minecraft:beef",
          "weight": 1,
          "quality": 3,
          "functions": [
            {
              "function": "minecraft:set_count",
              "count": 2
            }
          ]
        }
      ]
    }
  ]
}
