{
  "pools": [
    {
      "rolls": 2,
      "entries": [
        {
          "type": "minecraft:item",
          "name": "minecraft:cod",
          "weight": 5,
          "quality": 1,
          "functions": [
            {
              "function": "minecraft:set_count",
              "count": 4
            }
          ]
        },{
          "type": "minecraft:item",
          "name": "minecraft:salmon",
          "weight": 5,
          "quality": 1,
          "functions": [
            {
              "function": "minecraft:set_count",
              "count": 3
            }
          ]
        },{
          "type": "minecraft:item",
          "name": "minecraft:pufferfish",
          "weight": 1,
          "quality": 2,
          "functions": [
            {
              "function": "minecraft:set_count",
              "count": 1
            }
          ]
        }
      ]
    }
  ]
}
