{
  "pools": [
    {
      "rolls": 1,
      "entries": [
        {
          "type": "minecraft:item",
          "name": "iron_horse_armor",
          "weight": 46,
          "quality": 0,
          "functions": [
            {
              "function": "minecraft:set_count",
              "count": 1
            },
            {
              "function": "minecraft:set_components",
              "components": {
                "minecraft:custom_name": "{\"color\":\"#9E6C15\",\"italic\":true,\"text\":\"Light Horse Armor\"}",
                "minecraft:lore": [
                  "{\"color\":\"gray\",\"italic\":false,\"text\":\"The Light Horse Armor is a\"}",
                  "{\"color\":\"gray\",\"italic\":false,\"text\":\"lightweight and flexible choice for\"}",
                  "{\"color\":\"gray\",\"italic\":false,\"text\":\"those seeking protection without\"}",
                  "{\"color\":\"gray\",\"italic\":false,\"text\":\"compromising mobility.\"}"
                ],
                "minecraft:custom_model_data": 1,
                "minecraft:rarity": "uncommon",
                "minecraft:attribute_modifiers": {
                  "modifiers": [
                    {
                      "type": "minecraft:generic.armor",
                      "id": "2c71cbb6-8b27-4b66-a046-a726e79c148d",
                      "amount": 5,
                      "operation": "add_value",
                      "slot": "body"
                    },
                    {
                      "type": "minecraft:generic.max_health",
                      "id": "2c71cbb6-8b27-4b66-a046-a726e79c148d",
                      "amount": 4,
                      "operation": "add_value",
                      "slot": "body"
                    }
                  ]
                }
              }
            }
          ]
        },
        {
          "type": "minecraft:item",
          "name": "minecraft:iron_horse_armor",
          "weight": 36,
          "quality": 2,
          "functions": [
            {
              "function": "minecraft:set_count",
              "count": 1
            },
            {
              "function": "minecraft:set_components",
              "components": {
                "minecraft:custom_name": "{\"color\":\"#6A829E\",\"italic\":true,\"text\":\"Steel Horse Armor\"}",
                "minecraft:lore": [
                  "{\"color\":\"gray\",\"italic\":false,\"text\":\"The Steel Horse Armor is a\"}",
                  "{\"color\":\"gray\",\"italic\":false,\"text\":\"sturdy and resilient piece of\"}",
                  "{\"color\":\"gray\",\"italic\":false,\"text\":\"equipment for your loyal steed.\"}",
                  "{\"color\":\"gray\",\"italic\":false,\"text\":\"Crafted with the finest iron, it\"}",
                  "{\"color\":\"gray\",\"italic\":false,\"text\":\"provides superior protection.\"}"
                ],
                "minecraft:custom_model_data": 2,
                "minecraft:rarity": "uncommon",
                "minecraft:attribute_modifiers": {
                  "modifiers": [
                    {
                      "type": "minecraft:generic.armor",
                      "id": "2c71cbb6-8b27-4b66-a046-a726e79c148d",
                      "amount": 7,
                      "operation": "add_value",
                      "slot": "body"
                    },
                    {
                      "type": "minecraft:generic.max_health",
                      "id": "2c71cbb6-8b27-4b66-a046-a726e79c148d",
                      "amount": 8,
                      "operation": "add_value",
                      "slot": "body"
                    }
                  ]
                }
              }
            }
          ]
        },
        {
          "type": "minecraft:item",
          "name": "iron_horse_armor",
          "weight": 26,
          "quality": 4,
          "functions": [
            {
              "function": "minecraft:set_count",
              "count": 1
            },
            {
              "function": "minecraft:set_components",
              "components": {
                "minecraft:custom_name": "{\"color\":\"#3A4757\",\"italic\":true,\"text\":\"Heavy Horse Armor\"}",
                "minecraft:lore": [
                  "{\"color\":\"gray\",\"italic\":false,\"text\":\"The Heavy Horse Armor is a marvel\"}",
                  "{\"color\":\"gray\",\"italic\":false,\"text\":\"of craftsmanship and elegance,\"}",
                  "{\"color\":\"gray\",\"italic\":false,\"text\":\"adorned with intricate designs and\"}",
                  "{\"color\":\"gray\",\"italic\":false,\"text\":\"luxurious materials. This\"}",
                  "{\"color\":\"gray\",\"italic\":false,\"text\":\"prestigious armor is fit for the\"}",
                  "{\"color\":\"gray\",\"italic\":false,\"text\":\"most discerning riders and their\"}",
                  "{\"color\":\"gray\",\"italic\":false,\"text\":\"noble steeds.\"}"
                ],
                "minecraft:custom_model_data": 3,
                "minecraft:rarity": "uncommon",
                "minecraft:attribute_modifiers": {
                  "modifiers": [
                    {
                      "type": "minecraft:generic.armor",
                      "id": "2c71cbb6-8b27-4b66-a046-a726e79c148d",
                      "amount": 9,
                      "operation": "add_value",
                      "slot": "body"
                    },
                    {
                      "type": "minecraft:generic.max_health",
                      "id": "2c71cbb6-8b27-4b66-a046-a726e79c148d",
                      "amount": 12,
                      "operation": "add_value",
                      "slot": "body"
                    }
                  ]
                }
              }
            }
          ]
        },
        {
          "type": "minecraft:item",
          "name": "iron_horse_armor",
          "weight": 16,
          "quality": 6,
          "functions": [
            {
              "function": "minecraft:set_count",
              "count": 1
            },
            {
              "function": "minecraft:set_components",
              "components": {
                "minecraft:custom_name": "{\"color\":\"#1755A6\",\"italic\":true,\"text\":\"Platted Horse Armor\"}",
                "minecraft:lore": [
                  "{\"color\":\"gray\",\"italic\":false,\"text\":\"The Platted Horse Armor is a\"}",
                  "{\"color\":\"gray\",\"italic\":false,\"text\":\"testament to the skill and artistry\"}",
                  "{\"color\":\"gray\",\"italic\":false,\"text\":\"of the finest armorers. Carefully\"}",
                  "{\"color\":\"gray\",\"italic\":false,\"text\":\"crafted with rare materials and\"}",
                  "{\"color\":\"gray\",\"italic\":false,\"text\":\"enchantments, it bestows the horse\"}",
                  "{\"color\":\"gray\",\"italic\":false,\"text\":\"with extraordinary protection. This\"}",
                  "{\"color\":\"gray\",\"italic\":false,\"text\":\"prestigious armor is reserved for\"}",
                  "{\"color\":\"gray\",\"italic\":false,\"text\":\"the bravest of steeds, ready to\"}",
                  "{\"color\":\"gray\",\"italic\":false,\"text\":\"face the most perilous of battles.\"}"
                ],
                "minecraft:custom_model_data": 4,
                "minecraft:rarity": "uncommon",
                "minecraft:attribute_modifiers": {
                  "modifiers": [
                    {
                      "type": "minecraft:generic.armor",
                      "id": "2c71cbb6-8b27-4b66-a046-a726e79c148d",
                      "amount": 13,
                      "operation": "add_value",
                      "slot": "body"
                    },
                    {
                      "type": "minecraft:generic.max_health",
                      "id": "2c71cbb6-8b27-4b66-a046-a726e79c148d",
                      "amount": 16,
                      "operation": "add_value",
                      "slot": "body"
                    },
                    {
                      "type": "minecraft:generic.armor_toughness",
                      "id": "2c71cbb6-8b27-4b66-a046-a726e79c148d",
                      "amount": 2,
                      "operation": "add_value",
                      "slot": "body"
                    }
                  ]
                }
              }
            }
          ]
        },
        {
          "type": "minecraft:item",
          "name": "minecraft:leather_horse_armor",
          "weight": 1,
          "quality": 8,
          "functions": [
            {
              "function": "minecraft:set_count",
              "count": 1
            },
            {
              "function": "minecraft:set_components",
              "components": {
                "minecraft:custom_name": "{\"color\":\"#99483F\",\"italic\":true,\"text\":\"Netherite Horse Armor\"}",
                "minecraft:lore": [
                  "{\"color\":\"gray\",\"italic\":false,\"text\":\"Fire Resistance\"}",
                  "\"   \"",
                  "{\"color\":\"gray\",\"italic\":false,\"text\":\"This enchanted armor, forged in\"}",
                  "{\"color\":\"gray\",\"italic\":false,\"text\":\"the infernal depths of the\"}",
                  "{\"color\":\"gray\",\"italic\":false,\"text\":\"Molten Abyss, not only offers\"}",
                  "{\"color\":\"gray\",\"italic\":false,\"text\":\"unparalleled protection but also\"}",
                  "{\"color\":\"gray\",\"italic\":false,\"text\":\"lightens your horse's burden.\"}",
                  "{\"color\":\"gray\",\"italic\":false,\"text\":\"Imbued with netherite's resilient\"}",
                  "{\"color\":\"gray\",\"italic\":false,\"text\":\"essence, it strengthens your\"}",
                  "{\"color\":\"gray\",\"italic\":false,\"text\":\"steed and allows it to move with\"}",
                  "{\"color\":\"gray\",\"italic\":false,\"text\":\"a supernatural agility, defying\"}",
                  "{\"color\":\"gray\",\"italic\":false,\"text\":\"the weight of the world.\"}"
                ],
                "minecraft:custom_model_data": 1,
                "minecraft:dyed_color": {
                  "rgb": 7036767,
                  "show_in_tooltip": false
                },
                "minecraft:rarity": "uncommon",
                "minecraft:fire_resistant": {},
                "minecraft:custom_data": "{fire_res:1b}",
                "minecraft:attribute_modifiers": {
                  "modifiers": [
                    {
                      "type": "minecraft:generic.armor",
                      "id": "2c71cbb6-8b27-4b66-a046-a726e79c148d",
                      "amount": 17,
                      "operation": "add_value",
                      "slot": "body"
                    },
                    {
                      "type": "minecraft:generic.max_health",
                      "id": "2c71cbb6-8b27-4b66-a046-a726e79c148d",
                      "amount": 20,
                      "operation": "add_value",
                      "slot": "body"
                    },
                    {
                      "type": "minecraft:generic.armor_toughness",
                      "id": "2c71cbb6-8b27-4b66-a046-a726e79c148d",
                      "amount": 3,
                      "operation": "add_value",
                      "slot": "body"
                    }
                  ]
                }
              }
            }
          ]
        }
      ]
    }
  ]
}