{
  "pools": [

    {
      "rolls": {
        "min": 1,
        "max": 2
      },
      "bonus_rolls": 0,
      "entries": [
        {
          "type": "minecraft:loot_table",
          "value": "gd:chests/stone_runes",
          "weight": 1,
          "quality": 2
        },
        {
          "type": "minecraft:loot_table",
          "value": "gd:chests/tomes",
          "weight": 3,
          "quality": 1
        }
      ]
    },{
      "rolls": {
        "min": 2,
        "max": 4
      },
      "bonus_rolls": 0,
      "entries": [
        {
          "type": "minecraft:loot_table",
          "value": "gd:chests/food_items",
          "weight": 3,
          "quality": 1
        },
	{
          "type": "minecraft:loot_table",
          "value": "gd:chests/food",
          "weight": 2,
          "quality": 2
        },
        {
          "type": "minecraft:loot_table",
          "value": "gd:chests/drinks",
          "weight": 1,
          "quality": 3
        }
      ]
    },{
      "rolls": {
        "min": 2,
        "max": 6
      },
      "bonus_rolls": 0,
      "entries": [
        {
          "type": "minecraft:loot_table",
          "value": "gd:chests/coins",
          "weight": 1,
          "quality": 1
        }
      ]
    }
  ]
}
