{
  "pools": [
    {
      "rolls": 8,
      "entries": [
        {
          "type": "minecraft:item",
          "name": "minecraft:sugar",
          "weight": 100,
          "quality": 1,
          "functions": [
            {
              "function": "minecraft:set_count",
              "count": 7
            }
          ]
        },
        {
          "type": "minecraft:item",
          "name": "minecraft:phantom_membrane",
          "weight": 50,
          "quality": 2
        },
        {
          "type": "minecraft:item",
          "name": "minecraft:dragon_breath",
          "weight": 20,
          "quality": 5
        },
        {
          "type": "minecraft:item",
          "name": "minecraft:magma_cream",
          "weight": 60,
          "quality": 3,
          "functions": [
            {
              "function": "minecraft:set_count",
              "count": 2
            }
          ]
        },
        {
          "type": "minecraft:item",
          "name": "minecraft:ghast_tear",
          "weight": 30,
          "quality": 4
        },
        {
          "type": "minecraft:item",
          "name": "minecraft:rabbit_foot",
          "weight": 40,
          "quality": 4
        },
        {
          "type": "minecraft:item",
          "name": "minecraft:slime_ball",
          "weight": 40,
          "quality": 4
        },
        {
          "type": "minecraft:item",
          "name": "minecraft:cobweb",
          "weight": 40,
          "quality": 4
        },
        {
          "type": "minecraft:item",
          "name": "minecraft:fermented_spider_eye",
          "weight": 90,
          "quality": 1,
          "functions": [
            {
              "function": "minecraft:set_count",
              "count": 2
            }
          ]
        },
        {
          "type": "minecraft:item",
          "name": "minecraft:blaze_powder",
          "weight": 70,
          "quality": 2,
          "functions": [
            {
              "function": "minecraft:set_count",
              "count": 2
            }
          ]
        },
        {
          "type": "minecraft:item",
          "name": "minecraft:glistering_melon_slice",
          "weight": 70,
          "quality": 4
        },
        {
          "type": "minecraft:item",
          "name": "minecraft:golden_carrot",
          "weight": 80,
          "quality": 4,
          "functions": [
            {
              "function": "minecraft:set_count",
              "count": 2
            }
          ]
        },
        {
          "type": "minecraft:item",
          "name": "minecraft:breeze_rod",
          "weight": 4,
          "quality": 5
        },
        {
          "type": "minecraft:item",
          "name": "minecraft:enchanted_golden_apple",
          "weight": 10,
          "quality": 5
        }
      ]
    }
  ]
}
