{
  "pools": [
    {
      "rolls": 1,
      "entries": [
        {
          "type": "minecraft:item",
          "name": "minecraft:saddle",
          "weight": 41,
          "quality": 1,
          "functions": [
            {
              "function": "minecraft:set_count",
              "count": 1
            },
            {
              "function": "minecraft:set_components",
              "components": {
                "minecraft:custom_name": "{\"color\":\"#669900\",\"italic\":true,\"text\":\"Leather Saddle\"}",
                "minecraft:lore": [
                  "[{\"color\":\"gray\",\"italic\":false,\"text\":\"The Leather Saddle is a simple yet\"}]",
                  "[{\"color\":\"gray\",\"italic\":false,\"text\":\"reliable choice for horse riders.\"}]",
                  "[{\"color\":\"gray\",\"italic\":false,\"text\":\"It provides the basic comfort and\"}]",
                  "[{\"color\":\"gray\",\"italic\":false,\"text\":\"stability needed for a comfortable\"}]",
                  "[{\"color\":\"gray\",\"italic\":false,\"text\":\"ride, ensuring a pleasant journey\"}]",
                  "[{\"color\":\"gray\",\"italic\":false,\"text\":\"through the lands beyond.\"}]"
                ],
                "minecraft:custom_model_data": 1,
                "minecraft:custom_data": "{saddle_1:1b}",
                "minecraft:attribute_modifiers": {
                  "modifiers": [
                    {
                      "type": "minecraft:generic.movement_speed",
                      "id": "5b969108-2bbf-42c1-b2dd-b971e3b5825f",
                      "amount": 0.02,
                      "operation": "add_value",
                      "slot": "body"
                    },
                    {
                      "type": "minecraft:generic.jump_strength",
                      "id": "1884bf2f-6209-4b82-8070-517d50d91a2b",
                      "amount": 0.5,
                      "operation": "add_value",
                      "slot": "body"
                    }
                  ]
                }
              },
              "conditions": []
            }
          ]
        },
        {
          "type": "minecraft:item",
          "name": "minecraft:saddle",
          "weight": 21,
          "quality": 2,
          "functions": [
            {
              "function": "minecraft:set_count",
              "count": 1
            },
            {
              "function": "minecraft:set_components",
              "components": {
                "minecraft:custom_name": "{\"color\":\"#33ccff\",\"italic\":true,\"text\":\"Racing Saddle\"}",
                "minecraft:lore": [
                  "[{\"color\":\"gray\",\"italic\":false,\"text\":\"The Racing Saddle is a specially\"}]",
                  "[{\"color\":\"gray\",\"italic\":false,\"text\":\"crafted saddle designed for speed\"}]",
                  "[{\"color\":\"gray\",\"italic\":false,\"text\":\"enthusiasts. It enhances the\"}]",
                  "[{\"color\":\"gray\",\"italic\":false,\"text\":\"horse's natural swiftness, granting\"}]",
                  "[{\"color\":\"gray\",\"italic\":false,\"text\":\"it an additional level of speed and\"}]",
                  "[{\"color\":\"gray\",\"italic\":false,\"text\":\"making it a prime choice for\"}]",
                  "[{\"color\":\"gray\",\"italic\":false,\"text\":\"thrilling races and swift journeys.\"}]"
                ],
                "minecraft:custom_model_data": 2,
                "minecraft:custom_data": "{saddle_2:1b}",
                "minecraft:attribute_modifiers": {
                  "modifiers": [
                    {
                      "type": "minecraft:generic.movement_speed",
                      "id": "5b969108-2bbf-42c1-b2dd-b971e3b5825f",
                      "amount": 0.03,
                      "operation": "add_value",
                      "slot": "body"
                    },
                    {
                      "type": "minecraft:generic.jump_strength",
                      "id": "1884bf2f-6209-4b82-8070-517d50d91a2b",
                      "amount": 1,
                      "operation": "add_value",
                      "slot": "body"
                    }
                  ]
                }
              }
            }
          ]
        },
        {
          "type": "minecraft:item",
          "name": "minecraft:saddle",
          "weight": 11,
          "quality": 2,
          "functions": [
            {
              "function": "minecraft:set_count",
              "count": 1
            },
            {
              "function": "minecraft:set_components",
              "components": {
                "minecraft:custom_name": "{\"color\":\"#9900ff\",\"italic\":true,\"text\":\"Superior Saddle\"}",
                "minecraft:lore": [
                  "[{\"color\":\"gray\",\"italic\":false,\"text\":\"The Superior Saddle is a\"}]",
                  "[{\"color\":\"gray\",\"italic\":false,\"text\":\"masterfully crafted piece that\"}]",
                  "[{\"color\":\"gray\",\"italic\":false,\"text\":\"takes horse speed to new heights.\"}]",
                  "[{\"color\":\"gray\",\"italic\":false,\"text\":\"With a remarkable increase in speed,\"}]",
                  "[{\"color\":\"gray\",\"italic\":false,\"text\":\"it propels your steed to\"}]",
                  "[{\"color\":\"gray\",\"italic\":false,\"text\":\"unparalleled swiftness, making it\"}]",
                  "[{\"color\":\"gray\",\"italic\":false,\"text\":\"the ultimate choice for races and\"}]",
                  "[{\"color\":\"gray\",\"italic\":false,\"text\":\"expeditions.\"}]"
                ],
                "minecraft:custom_model_data": 3,
                "minecraft:custom_data": "{saddle_3:1b}",
                "minecraft:attribute_modifiers": {
                  "modifiers": [
                    {
                      "type": "minecraft:generic.movement_speed",
                      "id": "5b969108-2bbf-42c1-b2dd-b971e3b5825f",
                      "amount": 0.04,
                      "operation": "add_value",
                      "slot": "body"
                    },
                    {
                      "type": "minecraft:generic.jump_strength",
                      "id": "1884bf2f-6209-4b82-8070-517d50d91a2b",
                      "amount": 1.5,
                      "operation": "add_value",
                      "slot": "body"
                    }
                  ]
                }
              }
            }
          ]
        },
        {
          "type": "minecraft:item",
          "name": "minecraft:saddle",
          "weight": 6,
          "quality": 3,
          "functions": [
            {
              "function": "minecraft:set_count",
              "count": 1
            },
            {
              "function": "minecraft:set_components",
              "components": {
                "minecraft:custom_name": "{\"color\":\"gold\",\"italic\":true,\"text\":\"Mastercrafted Saddle\"}",
                "minecraft:lore": [
                  "[{\"color\":\"gray\",\"italic\":false,\"text\":\"The Mastercrafted Saddle is a work\"}]",
                  "[{\"color\":\"gray\",\"italic\":false,\"text\":\"of true artistry and engineering\"}]",
                  "[{\"color\":\"gray\",\"italic\":false,\"text\":\"excellence. It bestows upon your\"}]",
                  "[{\"color\":\"gray\",\"italic\":false,\"text\":\"loyal companion an extraordinary\"}]",
                  "[{\"color\":\"gray\",\"italic\":false,\"text\":\"speed boost, propelling it to\"}]",
                  "[{\"color\":\"gray\",\"italic\":false,\"text\":\"unmatched velocities.\"}]"
                ],
                "minecraft:custom_model_data": 4,
                "minecraft:custom_data": "{saddle_4:1b}",
                "minecraft:attribute_modifiers": {
                  "modifiers": [
                    {
                      "type": "minecraft:generic.movement_speed",
                      "id": "5b969108-2bbf-42c1-b2dd-b971e3b5825f",
                      "amount": 0.045,
                      "operation": "add_value"
                    },
                    {
                      "type": "minecraft:generic.jump_strength",
                      "id": "1884bf2f-6209-4b82-8070-517d50d91a2b",
                      "amount": 2,
                      "operation": "add_value"
                    }
                  ]
                }
              }
            }
          ]
        },
        {
          "type": "minecraft:item",
          "name": "minecraft:saddle",
          "weight": 1,
          "quality": 3,
          "functions": [
            {
              "function": "minecraft:set_count",
              "count": 1
            },
            {
              "function": "minecraft:set_components",
              "components": {
                "minecraft:custom_name": "{\"color\":\"#33ffff\",\"italic\":true,\"text\":\"Divine Saddle\"}",
                "minecraft:lore": [
                  "[{\"color\":\"gray\",\"italic\":false,\"text\":\"A saddle glowing with divine\"}]",
                  "[{\"color\":\"gray\",\"italic\":false,\"text\":\"light, imbued with celestial\"}]",
                  "[{\"color\":\"gray\",\"italic\":false,\"text\":\"power that grants your horse\"}]",
                  "[{\"color\":\"gray\",\"italic\":false,\"text\":\"unparalleled speed. It feels as\"}]",
                  "[{\"color\":\"gray\",\"italic\":false,\"text\":\"if the steed is propelled by\"}]",
                  "[{\"color\":\"gray\",\"italic\":false,\"text\":\"otherworldly forces, allowing it\"}]",
                  "[{\"color\":\"gray\",\"italic\":false,\"text\":\"to glide effortlessly over the\"}]",
                  "[{\"color\":\"gray\",\"italic\":false,\"text\":\"ground, transcending the\"}]",
                  "[{\"color\":\"gray\",\"italic\":false,\"text\":\"boundaries of the natural world.\"}]"
                ],
                "minecraft:custom_model_data": 5,
                "minecraft:custom_data": "{saddle_5:1b}",
                "minecraft:attribute_modifiers": {
                  "modifiers": [
                    {
                      "type": "minecraft:generic.movement_speed",
                      "id": "5b969108-2bbf-42c1-b2dd-b971e3b5825f",
                      "amount": 0.05,
                      "operation": "add_value"
                    },
                    {
                      "type": "minecraft:generic.jump_strength",
                      "id": "1884bf2f-6209-4b82-8070-517d50d91a2b",
                      "amount": 2.5,
                      "operation": "add_value"
                    }
                  ]
                },
                "minecraft:fire_resistant": {}
              }
            }
          ]
        }
      ]
    }
  ]
}