{
  "pools": [
    {
      "rolls": 1,
      "entries": [
        {
          "type": "minecraft:item",
          "name": "minecraft:sentry_armor_trim_smithing_template",
          "weight": 12,
          "quality": 1,
          "functions": [
            {
              "function": "minecraft:set_count",
              "count": 1
            },
            {
              "function": "minecraft:set_components",
              "components": {
                "minecraft:custom_name": "{\"color\":\"#E02828\",\"italic\":true,\"text\":\"Stone Rune of Greater Health\"}",
                "minecraft:lore": [
                  "[{\"color\":\"gray\",\"italic\":false,\"text\":\"Unlocking +2 Max Health\"}]"
                ],
           	"minecraft:max_stack_size": 1,
                "minecraft:custom_model_data": 1,
                "minecraft:custom_data": "{health2:1b}",
                "minecraft:hide_additional_tooltip": {},
                "minecraft:food": {
                  "nutrition": 0,
                  "saturation": 0,
                  "can_always_eat": true,
                  "eat_seconds": 100010
                }
              }
            }
          ]
        },{
          "type": "minecraft:item",
          "name": "minecraft:sentry_armor_trim_smithing_template",
          "weight": 12,
          "quality": 1,
          "functions": [
            {
              "function": "minecraft:set_count",
              "count": 1
            },
            {
              "function": "minecraft:set_components",
              "components": {
                "minecraft:custom_name": "{\"color\":\"#336699\",\"italic\":true,\"text\":\"Stone Rune of Magicka\"}",
                "minecraft:lore": [
                  "[{\"color\":\"gray\",\"italic\":false,\"text\":\"Unlocking +1000 Max Magicka\"}]"
                ],
           	"minecraft:max_stack_size": 1,
                "minecraft:custom_model_data": 2,
                "minecraft:custom_data": "{magicka1:1b}",
                "minecraft:hide_additional_tooltip": {},
                "minecraft:food": {
                  "nutrition": 0,
                  "saturation": 0,
                  "can_always_eat": true,
                  "eat_seconds": 100010
                }
              }
            }
          ]
        },{
          "type": "minecraft:item",
          "name": "minecraft:sentry_armor_trim_smithing_template",
          "weight": 12,
          "quality": 1,
          "functions": [
            {
              "function": "minecraft:set_count",
              "count": 1
            },
            {
              "function": "minecraft:set_components",
              "components": {
                "minecraft:custom_name": "{\"color\":\"#339900\",\"italic\":true,\"text\":\"Stone Rune of Lesser Fall Damage\"}",
                "minecraft:lore": [
                  "[{\"color\":\"gray\",\"italic\":false,\"text\":\"Unlocking +1 Save Fall Distance\"}]"
                ],
           	"minecraft:max_stack_size": 1,
                "minecraft:custom_model_data": 3,
                "minecraft:custom_data": "{falldistance1:1b}",
                "minecraft:hide_additional_tooltip": {},
                "minecraft:food": {
                  "nutrition": 0,
                  "saturation": 0,
                  "can_always_eat": true,
                  "eat_seconds": 100010
                }
              }
            }
          ]
        },{
          "type": "minecraft:item",
          "name": "minecraft:sentry_armor_trim_smithing_template",
          "weight": 12,
          "quality": 1,
          "functions": [
            {
              "function": "minecraft:set_count",
              "count": 1
            },
            {
              "function": "minecraft:set_components",
              "components": {
                "minecraft:custom_name": "{\"color\":\"#9933ff\",\"italic\":true,\"text\":\"Stone Rune of Higher Range\"}",
                "minecraft:lore": [
                  "[{\"color\":\"gray\",\"italic\":false,\"text\":\"Unlocking +1 Range\"}]"
                ],
           	"minecraft:max_stack_size": 1,
                "minecraft:custom_model_data": 4,
                "minecraft:custom_data": "{range1:1b}",
                "minecraft:hide_additional_tooltip": {},
                "minecraft:food": {
                  "nutrition": 0,
                  "saturation": 0,
                  "can_always_eat": true,
                  "eat_seconds": 100010
                }
              }
            }
          ]
        },{
          "type": "minecraft:item",
          "name": "minecraft:sentry_armor_trim_smithing_template",
          "weight": 12,
          "quality": 1,
          "functions": [
            {
              "function": "minecraft:set_count",
              "count": 1
            },
            {
              "function": "minecraft:set_components",
              "components": {
                "minecraft:custom_name": "{\"color\":\"#66ccff\",\"italic\":true,\"text\":\"Stone Rune of Longer Breath\"}",
                "minecraft:lore": [
                  "[{\"color\":\"gray\",\"italic\":false,\"text\":\"Unlocking +20% Longer Breath\"}]"
                ],
           	"minecraft:max_stack_size": 1,
                "minecraft:custom_model_data": 5,
                "minecraft:custom_data": "{oxygen1:1b}",
                "minecraft:hide_additional_tooltip": {},
                "minecraft:food": {
                  "nutrition": 0,
                  "saturation": 0,
                  "can_always_eat": true,
                  "eat_seconds": 100010
                }
              }
            }
          ]
        }
      ]
    }
  ]
}
