{
  "pools": [

    {
      "rolls": 1,
      "entries": [
        {
          "type": "minecraft:loot_table",
          "value": "gd:chests/enchantments_rare",
          "weight": 100
        }
      ]
    },
    {
      "rolls": {
        "min": 1,
        "max": 2
      },
      "bonus_rolls": 0,
      "entries": [
        {
          "type": "minecraft:loot_table",
          "value": "gd:chests/stone_runes",
          "weight": 1,
          "quality": 2
        },
        {
          "type": "minecraft:loot_table",
          "value": "gd:chests/tomes",
          "weight": 3,
          "quality": 1
        }
      ]
    },{
      "rolls": {
        "min": 3,
        "max": 6
      },
      "bonus_rolls": 0,
      "entries": [
        {
          "type": "minecraft:loot_table",
          "value": "gd:chests/potions",
          "weight": 3,
          "quality": 1
        },
        {
          "type": "minecraft:loot_table",
          "value": "gd:chests/lingering_potions",
          "weight": 1,
          "quality": 2
        }
      ]
    },
        
    {
      "rolls": {
        "min": 2,
        "max": 4
      },
      "bonus_rolls": 0,
      "entries": [
        {
          "type": "minecraft:loot_table",
          "value": "gd:chests/potion_items"
        }
      ]
    }
  ]
}
