{
  "type": "minecraft:blasting",
  "category": "misc",
  "ingredient": {
    "item": "minecraft:diamond_block"
  },
  "result": {
    "id": "minecraft:amethyst_shard",
    "components": {
      "minecraft:damage": 500,
      "minecraft:max_damage": 500,
      "minecraft:enchantments": {
        "levels": {
          "minecraft:mending": 1
        },
        "show_in_tooltip": false
      },
      "minecraft:enchantment_glint_override": false,
      "minecraft:max_stack_size": 1,
      "minecraft:custom_model_data": 4,
      "minecraft:custom_name": "{\"color\":\"#8FE5FF\",\"italic\":true,\"text\":\"Common Soul Crystal\"}",
      "minecraft:lore": [
        "{\"color\":\"gray\",\"italic\":false,\"text\":\"Used for magical rituals.\"}"
      ]
    }
  },
  "experience": 3000,
  "cookingtime": 48000
}