[
  {
    "function": "minecraft:set_components",
    "components": {
      "minecraft:food": {
        "nutrition": 0,
        "saturation": 0,
        "can_always_eat": true,
        "eat_seconds": 100002
      }
    }
  },
  {
    "function": "minecraft:set_lore",
    "lore": [
      {
        "text": "",
        "extra": [
          {
            "text": " ┗ ",
            "color": "gray",
            "italic": false
          },
          {
            "text": "Magicka ",
            "color": "blue",
            "italic": false
          },
          {
            "text": "Cost: 2400",
            "color": "gray",
            "italic": false
          }
        ]
      }
    ],
    "mode": "insert"
  },
  {
    "function": "minecraft:set_custom_data",
    "tag": "{modified:1b,enchantment:1b}"
  }
]