[
  {
    "function": "minecraft:set_components",
    "components": {
      "minecraft:food": {
        "nutrition": 0,
        "saturation": 0,
        "can_always_eat": true,
        "eat_seconds": 100014
      }
    }
  },{
    "function": "minecraft:set_lore",
    "lore": [
      {
        "text": "Crouching + Right Click: Switch Mode",
        "color": "gray",
        "italic": true
      },
      {
        "text": "Right Click: Harvest or Sowing",
        "color": "gray",
        "italic": true
      }
    ],
    "mode": "insert"
  },
  {
    "function": "minecraft:set_custom_data",
    "tag": "{modified:1b,enchantment:1b}"
  }
]
