[
  {
    "function": "minecraft:set_lore",
    "lore": [
      {
        "text": "Legendary",
        "color": "gold",
        "italic": false
      },
      {
        "text": "+6 Armor",
        "color": "blue",
        "italic": false
      },
      {
        "text": "+5 Health",
        "color": "blue",
        "italic": false
      },
      {
        "text": "+10% Speed",
        "color": "blue",
        "italic": false
      },
      {
        "text": "+50% Jump Strength",
        "color": "blue",
        "italic": false
      },
      {
        "text": "-50% Burning Time",
        "color": "blue",
        "italic": false
      }
    ],
    "mode": "insert"
  },
  {
    "function": "minecraft:set_attributes",
    "modifiers": [
      {
        "id": "f9571225-45df-485b-b075-b4123be7df2a",
        "attribute": "minecraft:generic.armor",
        "amount": 6,
        "operation": "add_value",
        "slot": "armor"
      },
      {
        "id": "f9571225-45df-485b-b075-b4123be7df2a",
        "attribute": "minecraft:generic.max_health",
        "amount": 5,
        "operation": "add_value",
        "slot": "armor"
      },
      {
        "id": "f9571225-45df-485b-b075-b4123be7df2a",
        "attribute": "minecraft:generic.movement_speed",
        "amount": 0.01,
        "operation": "add_value",
        "slot": "armor"
      },
      {
        "id": "f9571225-45df-485b-b075-b4123be7df2a",
        "attribute": "minecraft:generic.jump_strength",
        "amount": 0.1,
        "operation": "add_value",
        "slot": "armor"
      },
      {
        "id": "f9571225-45df-485b-b075-b4123be7df2a",
        "attribute": "minecraft:generic.burning_time",
        "amount": -0.5,
        "operation": "add_value",
        "slot": "armor"
      },
      {
        "id": "f9571225-45df-485b-b075-b4123be7df2a",
        "attribute": "minecraft:generic.armor_toughness",
        "amount": 0,
        "operation": "add_value",
        "slot": "armor"
      }
      
    ]
  },
  {
    "function": "minecraft:set_custom_data",
    "tag": "{stats:1b}"
  },
  {
    "function":"toggle_tooltips",
	"toggles":{"attribute_modifiers":false}}
]