[
  {
    "function": "minecraft:set_lore",
    "lore": [
      {
        "text": "Flimsy",
        "color": "#888888",
        "italic": false
      },
      {
        "text": "+3 Armor",
        "color": "blue",
        "italic": false
      }
    ],
    "mode": "insert"
  },
  {
    "function": "minecraft:set_attributes",
    "modifiers": [
      {
        "id": "a6fcf97e-32f0-4405-a36c-cdf7076c14a9",
        "attribute": "minecraft:generic.armor",
        "amount": 3,
        "operation": "add_value",
        "slot": "armor"
      },
      {
        "id": "a6fcf97e-32f0-4405-a36c-cdf7076c14a9",
        "attribute": "minecraft:generic.armor_toughness",
        "amount": 3,
        "operation": "add_value",
        "slot": "armor"
      }
      
    ]
  },
  {
    "function": "minecraft:set_custom_data",
    "tag": "{stats:1b}"
  },
  {
    "function":"toggle_tooltips",
	"toggles":{"attribute_modifiers":false}}
]
