[
  {
    "function": "minecraft:set_lore",
    "lore": [
      {
        "text": "Legendary",
        "color": "gold",
        "italic": false
      },
      {
        "text": "+3 Armor",
        "color": "blue",
        "italic": false
      },
      {
        "text": "+5 Health",
        "color": "blue",
        "italic": false
      },
      {
        "text": "+10% Speed",
        "color": "blue",
        "italic": false
      },
      {
        "text": "+50% Jump Strength",
        "color": "blue",
        "italic": false
      },
      {
        "text": "+400% Oxygen",
        "color": "blue",
        "italic": false
      }
    ],
    "mode": "insert"
  },
  {
    "function": "minecraft:set_attributes",
    "modifiers": [
      {
        "id": "212a93ee-42c3-4a86-acf3-e5d66cd9dd81",
        "attribute": "minecraft:generic.armor",
        "amount": 3,
        "operation": "add_value",
        "slot": "armor"
      },
      {
        "id": "212a93ee-42c3-4a86-acf3-e5d66cd9dd81",
        "attribute": "minecraft:generic.max_health",
        "amount": 5,
        "operation": "add_value",
        "slot": "armor"
      },
      {
        "id": "212a93ee-42c3-4a86-acf3-e5d66cd9dd81",
        "attribute": "minecraft:generic.movement_speed",
        "amount": 0.01,
        "operation": "add_value",
        "slot": "armor"
      },
      {
        "id": "212a93ee-42c3-4a86-acf3-e5d66cd9dd81",
        "attribute": "minecraft:generic.jump_strength",
        "amount": 0.1,
        "operation": "add_value",
        "slot": "armor"
      },
      {
        "id": "212a93ee-42c3-4a86-acf3-e5d66cd9dd81",
        "attribute": "minecraft:generic.oxygen_bonus",
        "amount": 3,
        "operation": "add_value",
        "slot": "armor"
      },
      {
        "id": "212a93ee-42c3-4a86-acf3-e5d66cd9dd81",
        "attribute": "minecraft:generic.armor_toughness",
        "amount": 4,
        "operation": "add_value",
        "slot": "armor"
      }
      
    ]
  },
  {
    "function": "minecraft:set_custom_data",
    "tag": "{stats:1b}"
  },
  {
    "function":"toggle_tooltips",
	"toggles":{"attribute_modifiers":false}}
]