[
  {
    "function": "minecraft:set_lore",
    "lore": [
      {
        "text": "Rare",
        "color": "#9900ff",
        "italic": false
      },
      {
        "text": "+3 Armor",
        "color": "blue",
        "italic": false
      },
      {
        "text": "+3 Health",
        "color": "blue",
        "italic": false
      },
      {
        "text": "+5% Speed",
        "color": "blue",
        "italic": false
      },
      {
        "text": "+25% Jump Strength",
        "color": "blue",
        "italic": false
      },
      {
        "text": "+100% Oxygen",
        "color": "blue",
        "italic": false
      }
    ],
    "mode": "insert"
  },
  {
    "function": "minecraft:set_attributes",
    "modifiers": [
      {
        "id": "9e3169d3-20e6-456f-b225-04a34a509488",
        "attribute": "minecraft:generic.armor",
        "amount": 3,
        "operation": "add_value",
        "slot": "armor"
      },
      {
        "id": "9e3169d3-20e6-456f-b225-04a34a509488",
        "attribute": "minecraft:generic.max_health",
        "amount": 2,
        "operation": "add_value",
        "slot": "armor"
      },
      {
        "id": "9e3169d3-20e6-456f-b225-04a34a509488",
        "attribute": "minecraft:generic.movement_speed",
        "amount": 0.005,
        "operation": "add_value",
        "slot": "armor"
      },
      {
        "id": "9e3169d3-20e6-456f-b225-04a34a509488",
        "attribute": "minecraft:generic.jump_strength",
        "amount": 0.05,
        "operation": "add_value",
        "slot": "armor"
      },
      {
        "id": "9e3169d3-20e6-456f-b225-04a34a509488",
        "attribute": "minecraft:generic.oxygen_bonus",
        "amount": 1,
        "operation": "add_value",
        "slot": "armor"
      },
      {
        "id": "9e3169d3-20e6-456f-b225-04a34a509488",
        "attribute": "minecraft:generic.armor_toughness",
        "amount": 3,
        "operation": "add_value",
        "slot": "armor"
      }
      
    ]
  },
  {
    "function": "minecraft:set_custom_data",
    "tag": "{stats:1b}"
  },
  {
    "function":"toggle_tooltips",
	"toggles":{"attribute_modifiers":false}}
]