{
  "type": "minecraft:entity",
  "pools": [
    {
      "rolls": {
        "type": "minecraft:uniform",
        "min": 0,
        "max": 1
      },
      "bonus_rolls": 0,
      "entries": [
        {
          "type": "minecraft:item",
          "name": "paper",
          "weight": 9,
          "quality": 1,
          "functions": [
            {
              "function": "minecraft:set_components",
              "components": {
                "minecraft:custom_name": "{\"italic\":true,\"text\":\"Family Portrait\"}",
                "minecraft:lore": [
                  "{\"color\":\"gray\",\"italic\":false,\"text\":\"Some traders may pay for it.\"}"
                ],
                "minecraft:custom_model_data": 1,
                "minecraft:max_stack_size": 96
              }
            }
          ]
        },
        {
          "type": "minecraft:item",
          "name": "minecraft:feather",
          "weight": 7,
          "quality": 2,
          "functions": [
            {
              "function": "minecraft:set_components",
              "components": {
                "minecraft:custom_name": "{\"italic\":true,\"text\":\"Blackened Feather\"}",
                "minecraft:lore": [
                  "{\"color\":\"gray\",\"italic\":false,\"text\":\"Some traders may pay for it.\"}"
                ],
                "minecraft:custom_model_data": 1,
                "minecraft:max_stack_size": 96
              }
            }
          ]
        },
        {
          "type": "minecraft:item",
          "name": "minecraft:iron_nugget",
          "weight": 5,
          "quality": 3,
          "functions": [
            {
              "function": "minecraft:set_components",
              "components": {
                "minecraft:custom_name": "{\"italic\":true,\"text\":\"Silver Ring\"}",
                "minecraft:lore": [
                  "{\"color\":\"gray\",\"italic\":false,\"text\":\"Some traders may pay for it.\"}"
                ],
                "minecraft:custom_model_data": 2,
                "minecraft:max_stack_size": 96
              }
            }
          ]
        },
        {
          "type": "minecraft:item",
          "name": "minecraft:emerald",
          "weight": 3,
          "quality": 4,
          "functions": [
            {
              "function": "minecraft:set_components",
              "components": {
                "minecraft:custom_name": "{\"italic\":true,\"text\":\"Amulet\"}",
                "minecraft:lore": [
                  "{\"color\":\"gray\",\"italic\":false,\"text\":\"Some traders may pay for it.\"}"
                ],
                "minecraft:custom_model_data": 3,
                "minecraft:max_stack_size": 96
              }
            }
          ]
        },
        {
          "type": "minecraft:item",
          "name": "minecraft:gold_nugget",
          "weight": 1,
          "quality": 5,
          "functions": [
            {
              "function": "minecraft:set_components",
              "components": {
                "minecraft:custom_name": "{\"italic\":true,\"text\":\"Golden Ring\"}",
                "minecraft:lore": [
                  "{\"color\":\"gray\",\"italic\":false,\"text\":\"Some traders may pay for it.\"}"
                ],
                "minecraft:custom_model_data": 2,
                "minecraft:max_stack_size": 96
              }
            }
          ]
        }
      ]
    }
  ]
}