[
  {
    "function": "minecraft:set_lore",
    "lore": [
      {
        "text": "Brittle",
        "color": "#888888",
        "italic": false
      },
      {
        "text": "+2 Armor",
        "color": "blue",
        "italic": false
      },
      {
        "text": "-5% Speed",
        "color": "red",
        "italic": false
      }
    ],
    "mode": "insert"
  },
  {
    "function": "minecraft:set_attributes",
    "modifiers": [
      {
        "id": "4f368355-c887-464c-b646-5e54eb6230f2",
        "attribute": "minecraft:generic.armor",
        "amount": 2,
        "operation": "add_value",
        "slot": "armor"
      },
      {
        "id": "4f368355-c887-464c-b646-5e54eb6230f2",
        "attribute": "minecraft:generic.movement_speed",
        "amount": -0.005,
        "operation": "add_value",
        "slot": "armor"
      },
      {
        "id": "4f368355-c887-464c-b646-5e54eb6230f2",
        "attribute": "minecraft:generic.armor_toughness",
        "amount": 0,
        "operation": "add_value",
        "slot": "armor"
      }
      
    ]
  },
  {
    "function": "minecraft:set_custom_data",
    "tag": "{stats:1b}"
  },
  {
    "function":"toggle_tooltips",
	"toggles":{"attribute_modifiers":false}}
]
