[
  {
    "function": "minecraft:set_lore",
    "lore": [
      {
        "text": "Mastercrafted",
        "color": "gold",
        "italic": false
      },
      {
        "text": "+2 Armor",
        "color": "blue",
        "italic": false
      },
      {
        "text": "+4 Health",
        "color": "blue",
        "italic": false
      },
      {
        "text": "+5% Speed",
        "color": "blue",
        "italic": false
      },
      {
        "text": "+4 Safe Fall Distance",
        "color": "blue",
        "italic": false
      }
    ],
    "mode": "insert"
  },
  {
    "function": "minecraft:set_attributes",
    "modifiers": [
      {
        "id": "46611c8a-97a3-4a77-a85b-f8753cfc7fde",
        "attribute": "minecraft:generic.armor",
        "amount": 2,
        "operation": "add_value",
        "slot": "armor"
      },
      {
        "id": "46611c8a-97a3-4a77-a85b-f8753cfc7fde",
        "attribute": "minecraft:generic.max_health",
        "amount": 4,
        "operation": "add_value",
        "slot": "armor"
      },
      {
        "id": "46611c8a-97a3-4a77-a85b-f8753cfc7fde",
        "attribute": "minecraft:generic.movement_speed",
        "amount": 0.005,
        "operation": "add_value",
        "slot": "armor"
      },
      {
        "id": "46611c8a-97a3-4a77-a85b-f8753cfc7fde",
        "attribute": "minecraft:generic.safe_fall_distance",
        "amount": 4,
        "operation": "add_value",
        "slot": "armor"
      },
      {
        "id": "46611c8a-97a3-4a77-a85b-f8753cfc7fde",
        "attribute": "minecraft:generic.armor_toughness",
        "amount": 0,
        "operation": "add_value",
        "slot": "armor"
      }
      
    ]
  },
  {
    "function": "minecraft:set_custom_data",
    "tag": "{stats:1b}"
  },
  {
    "function":"toggle_tooltips",
	"toggles":{"attribute_modifiers":false}}
]