{
  "type": "minecraft:crafting_shaped",
  "category": "equipment",
  "pattern": [
    " x",
    " y",
    " z"
  ],
  "key": {
    "x": {
      "item": "minecraft:iron_ingot"
    },
    "y": {
      "item": "minecraft:stick"
    },
    "z": {
      "item": "minecraft:feather"
    }
  },
  "result": {
    "id": "minecraft:tipped_arrow",
    "components": {
      "minecraft:potion_contents": {
        "potion": "minecraft:harming",
        "custom_color": 12763842,
        "custom_effects": [
          {
            "id": "minecraft:instant_damage",
            "amplifier": 1,
            "duration": 1
          }
        ]
      }
    }
  }
}
