[
  {
    "function": "minecraft:set_lore",
    "lore": [
      {
        "text": "Cracked",
        "color": "#cc0000",
        "italic": false
      },
      {
        "text": "+1 Armor",
        "color": "blue",
        "italic": false
      },
      {
        "text": "-4 Health",
        "color": "red",
        "italic": false
      },
      {
        "text": "-10% Speed",
        "color": "red",
        "italic": false
      },
      {
        "text": "-25% Jump Strength",
        "color": "red",
        "italic": false
      },
      {
        "text": "-2 Safe Fall Distance",
        "color": "red",
        "italic": false
      }
    ],
    "mode": "insert"
  },
  {
    "function": "minecraft:set_attributes",
    "modifiers": [
      {
        "id": "291f0947-2898-424c-b814-fcb63b0b961a",
        "attribute": "minecraft:generic.armor",
        "amount": 1,
        "operation": "add_value",
        "slot": "armor"
      },
      {
        "id": "291f0947-2898-424c-b814-fcb63b0b961a",
        "attribute": "minecraft:generic.max_health",
        "amount": -4,
        "operation": "add_value",
        "slot": "armor"
      },
      {
        "id": "291f0947-2898-424c-b814-fcb63b0b961a",
        "attribute": "minecraft:generic.movement_speed",
        "amount": -0.01,
        "operation": "add_value",
        "slot": "armor"
      },
      {
        "id": "291f0947-2898-424c-b814-fcb63b0b961a",
        "attribute": "minecraft:generic.jump_strength",
        "amount": -0.1,
        "operation": "add_value",
        "slot": "armor"
      },
      {
        "id": "291f0947-2898-424c-b814-fcb63b0b961a",
        "attribute": "minecraft:generic.safe_fall_distance",
        "amount": -2,
        "operation": "add_value",
        "slot": "armor"
      },
      {
        "id": "291f0947-2898-424c-b814-fcb63b0b961a",
        "attribute": "minecraft:generic.armor_toughness",
        "amount": 0,
        "operation": "add_value",
        "slot": "armor"
      }
      
    ]
  },
  {
    "function": "minecraft:set_custom_data",
    "tag": "{stats:1b}"
  },
  {
    "function":"toggle_tooltips",
	"toggles":{"attribute_modifiers":false}}
]
