[
  {
    "function": "minecraft:set_lore",
    "lore": [
      {
        "text": "Inferior",
        "color": "#cc0000",
        "italic": false
      },
      {
        "text": "+1 Armor",
        "color": "blue",
        "italic": false
      },
      {
        "text": "-1 Health",
        "color": "red",
        "italic": false
      },
      {
        "text": "-10% Speed",
        "color": "red",
        "italic": false
      },
      {
        "text": "-1 Safe Fall Distance",
        "color": "red",
        "italic": false
      }
    ],
    "mode": "insert"
  },
  {
    "function": "minecraft:set_attributes",
    "modifiers": [
      {
        "id": "1c1d8444-81e8-4a39-a1c0-552ec0a3dde5",
        "attribute": "minecraft:generic.armor",
        "amount": 1,
        "operation": "add_value",
        "slot": "armor"
      },
      {
        "id": "1c1d8444-81e8-4a39-a1c0-552ec0a3dde5",
        "attribute": "minecraft:generic.max_health",
        "amount": -1,
        "operation": "add_value",
        "slot": "armor"
      },
      {
        "id": "1c1d8444-81e8-4a39-a1c0-552ec0a3dde5",
        "attribute": "minecraft:generic.movement_speed",
        "amount": -0.01,
        "operation": "add_value",
        "slot": "armor"
      },
      {
        "id": "1c1d8444-81e8-4a39-a1c0-552ec0a3dde5",
        "attribute": "minecraft:generic.safe_fall_distance",
        "amount": -1,
        "operation": "add_value",
        "slot": "armor"
      },
      {
        "id": "1c1d8444-81e8-4a39-a1c0-552ec0a3dde5",
        "attribute": "minecraft:generic.armor_toughness",
        "amount": 0,
        "operation": "add_value",
        "slot": "armor"
      }
      
    ]
  },
  {
    "function": "minecraft:set_custom_data",
    "tag": "{stats:1b}"
  },
  {
    "function":"toggle_tooltips",
	"toggles":{"attribute_modifiers":false}}
]
