[
  {
    "function": "minecraft:set_lore",
    "lore": [
      {
        "text": "Mastercrafted",
        "color": "gold",
        "italic": false
      },
      {
        "text": "+1 Armor",
        "color": "blue",
        "italic": false
      },
      {
        "text": "+4 Health",
        "color": "blue",
        "italic": false
      },
      {
        "text": "+5% Speed",
        "color": "blue",
        "italic": false
      },
      {
        "text": "+4 Safe Fall Distance",
        "color": "blue",
        "italic": false
      }
    ],
    "mode": "insert"
  },
  {
    "function": "minecraft:set_attributes",
    "modifiers": [
      {
        "id": "b1bc0721-a104-43e5-ae5a-0d0c61bcd38d",
        "attribute": "minecraft:generic.armor",
        "amount": 1,
        "operation": "add_value",
        "slot": "armor"
      },
      {
        "id": "b1bc0721-a104-43e5-ae5a-0d0c61bcd38d",
        "attribute": "minecraft:generic.max_health",
        "amount": 4,
        "operation": "add_value",
        "slot": "armor"
      },
      {
        "id": "b1bc0721-a104-43e5-ae5a-0d0c61bcd38d",
        "attribute": "minecraft:generic.movement_speed",
        "amount": 0.005,
        "operation": "add_value",
        "slot": "armor"
      },
      {
        "id": "b1bc0721-a104-43e5-ae5a-0d0c61bcd38d",
        "attribute": "minecraft:generic.safe_fall_distance",
        "amount": 4,
        "operation": "add_value",
        "slot": "armor"
      },
      {
        "id": "b1bc0721-a104-43e5-ae5a-0d0c61bcd38d",
        "attribute": "minecraft:generic.armor_toughness",
        "amount": 0,
        "operation": "add_value",
        "slot": "armor"
      }
      
    ]
  },
  {
    "function": "minecraft:set_custom_data",
    "tag": "{stats:1b}"
  },
  {
    "function":"toggle_tooltips",
	"toggles":{"attribute_modifiers":false}}
]