[
  {
    "function": "minecraft:set_lore",
    "lore": [
      {
        "text": "Damaged",
        "color": "#cc0000",
        "italic": false
      },
      {
        "text": "+3 Armor",
        "color": "blue",
        "italic": false
      },
      {
        "text": "-2 Health",
        "color": "red",
        "italic": false
      },
      {
        "text": "-10% Speed",
        "color": "red",
        "italic": false
      },
      {
        "text": "-25% Jump Strength",
        "color": "red",
        "italic": false
      },
      {
        "text": "-1 Safe Fall Distance",
        "color": "red",
        "italic": false
      }
],
    "mode": "insert"
  },
  {
    "function": "minecraft:set_attributes",
    "modifiers": [
      {
        "id": "ddb63dbd-de9c-4876-a468-1990f68c30bb",
        "attribute": "minecraft:generic.armor",
        "amount": 3,
        "operation": "add_value",
        "slot": "armor"
      },
      {
        "id": "ddb63dbd-de9c-4876-a468-1990f68c30bb",
        "attribute": "minecraft:generic.max_health",
        "amount": -2,
        "operation": "add_value",
        "slot": "armor"
      },
      {
        "id": "ddb63dbd-de9c-4876-a468-1990f68c30bb",
        "attribute": "minecraft:generic.movement_speed",
        "amount": -0.01,
        "operation": "add_value",
        "slot": "armor"
      },
      {
        "id": "ddb63dbd-de9c-4876-a468-1990f68c30bb",
        "attribute": "minecraft:generic.jump_strength",
        "amount": -0.1,
        "operation": "add_value",
        "slot": "armor"
      },
      {
        "id": "ddb63dbd-de9c-4876-a468-1990f68c30bb",
        "attribute": "minecraft:generic.safe_fall_distance",
        "amount": -1,
        "operation": "add_value",
        "slot": "armor"
      },
      {
        "id": "ddb63dbd-de9c-4876-a468-1990f68c30bb",
        "attribute": "minecraft:generic.armor_toughness",
        "amount": 3,
        "operation": "add_value",
        "slot": "armor"
      }
      
    ]
  },
  {
    "function": "minecraft:set_custom_data",
    "tag": "{stats:1b}"
  },
  {
    "function":"toggle_tooltips",
	"toggles":{"attribute_modifiers":false}}
]



