[
  {
    "function": "minecraft:set_lore",
    "lore": [
      {
        "text": "Divine",
        "color": "#99ffff",
        "italic": false
      },
      {
        "text": "+8 Armor",
        "color": "blue",
        "italic": false
      },
      {
        "text": "+7 Health",
        "color": "blue",
        "italic": false
      },
      {
        "text": "+10% Speed",
        "color": "blue",
        "italic": false
      },
      {
        "text": "+50% Jump Strength",
        "color": "blue",
        "italic": false
      },
      {
        "text": "-100% Burning Time",
        "color": "blue",
        "italic": false
      }
    ],
    "mode": "insert"
  },
  {
    "function": "minecraft:set_attributes",
    "modifiers": [
      {
        "id": "2bb805a7-d1aa-4fe0-aeaf-0da0bbd8d5bc",
        "attribute": "minecraft:generic.armor",
        "amount": 8,
        "operation": "add_value",
        "slot": "armor"
      },
      {
        "id": "2bb805a7-d1aa-4fe0-aeaf-0da0bbd8d5bc",
        "attribute": "minecraft:generic.max_health",
        "amount": 7,
        "operation": "add_value",
        "slot": "armor"
      },
      {
        "id": "2bb805a7-d1aa-4fe0-aeaf-0da0bbd8d5bc",
        "attribute": "minecraft:generic.movement_speed",
        "amount": 0.01,
        "operation": "add_value",
        "slot": "armor"
      },
      {
        "id": "2bb805a7-d1aa-4fe0-aeaf-0da0bbd8d5bc",
        "attribute": "minecraft:generic.jump_strength",
        "amount": 0.1,
        "operation": "add_value",
        "slot": "armor"
      },
      {
        "id": "2bb805a7-d1aa-4fe0-aeaf-0da0bbd8d5bc",
        "attribute": "minecraft:generic.burning_time",
        "amount": -1,
        "operation": "add_value",
        "slot": "armor"
      },
      {
        "id": "2bb805a7-d1aa-4fe0-aeaf-0da0bbd8d5bc",
        "attribute": "minecraft:generic.armor_toughness",
        "amount": 4,
        "operation": "add_value",
        "slot": "armor"
      }
      
    ]
  },
  {
    "function": "minecraft:set_custom_data",
    "tag": "{stats:1b}"
  },
  {
    "function":"toggle_tooltips",
	"toggles":{"attribute_modifiers":false}}
]
