[
  {
    "function": "minecraft:set_lore",
    "lore": [
      {
        "text": "Heavy",
        "color": "#33ccff",
        "italic": false
      },
      {
        "text": "+8 Armor",
        "color": "blue",
        "italic": false
      },
      {
        "text": "+6 Health",
        "color": "blue",
        "italic": false
      },
      {
        "text": "-20% Speed",
        "color": "red",
        "italic": false
      }
    ],
    "mode": "insert"
  },
  {
    "function": "minecraft:set_attributes",
    "modifiers": [
      {
        "id": "c1272a90-e5e5-4057-9870-9a392ccc707b",
        "attribute": "minecraft:generic.armor",
        "amount": 8,
        "operation": "add_value",
        "slot": "armor"
      },
      {
        "id": "c1272a90-e5e5-4057-9870-9a392ccc707b",
        "attribute": "minecraft:generic.max_health",
        "amount": 6,
        "operation": "add_value",
        "slot": "armor"
      },
      {
        "id": "c1272a90-e5e5-4057-9870-9a392ccc707b",
        "attribute": "minecraft:generic.movement_speed",
        "amount": -0.02,
        "operation": "add_value",
        "slot": "armor"
      },
      {
        "id": "c1272a90-e5e5-4057-9870-9a392ccc707b",
        "attribute": "minecraft:generic.armor_toughness",
        "amount": 3,
        "operation": "add_value",
        "slot": "armor"
      }
      
    ]
  },
  {
    "function": "minecraft:set_custom_data",
    "tag": "{stats:1b}"
  },
  {
    "function":"toggle_tooltips",
	"toggles":{"attribute_modifiers":false}}
]
