{
  "type": "minecraft:crafting_shapeless",
  "ingredients": [
    {
      "item": "minecraft:nether_wart"
    },
    {
      "item": "minecraft:nether_wart"
    },
    {
      "item": "minecraft:nether_wart"
    },
    {
      "item": "minecraft:honey_bottle"
    },
    {
      "item": "minecraft:blaze_powder"
    },
    {
      "item": "minecraft:blaze_powder"
    },
    {
      "item": "minecraft:golden_carrot"
    },
    {
      "item": "minecraft:golden_carrot"
    },
    {
      "item": "minecraft:golden_carrot"
    }
  ],
  "result": {
    "id": "minecraft:potion",
    "components": {
      "minecraft:custom_name": "{\"color\":\"#aa5000\",\"italic\":true,\"text\":\"Ale\"}",
      "minecraft:lore": [
        "{\"color\":\"gray\",\"italic\":false,\"text\":\"A traditional beer brewed from\"}",
        "{\"color\":\"gray\",\"italic\":false,\"text\":\"malted barley, hops, yeast, and\"}",
        "{\"color\":\"gray\",\"italic\":false,\"text\":\"water.\"}"
      ],
      "minecraft:custom_model_data": 10,
      "minecraft:max_stack_size": 3,
      "minecraft:potion_contents": {
        "custom_color": 16365915,
        "custom_effects": [
          {
            "id": "minecraft:haste",
            "amplifier": 2,
            "duration": 6000,
            "ambient": false,
            "show_particles": false,
            "show_icon": false
          },
          {
            "id": "minecraft:absorption",
            "amplifier": 0,
            "duration": 3600,
            "ambient": false,
            "show_particles": false,
            "show_icon": false
          },
          {
            "id": "minecraft:nausea",
            "amplifier": 0,
            "duration": 300,
            "ambient": false,
            "show_particles": true,
            "show_icon": true
          }
        ]
      }
    },
    "count": 1
  }
}