{
  "type": "minecraft:crafting_shapeless",
  "ingredients": [
    {
      "item": "minecraft:carrot"
    },
    {
      "item": "minecraft:carrot"
    },
    {
      "item": "minecraft:carrot"
    },
    {
      "item": "minecraft:sweet_berries"
    },
    {
      "item": "minecraft:potato"
    },
    {
      "item": "minecraft:potato"
    },
    {
      "item": "minecraft:beef"
    },
    {
      "item": "minecraft:beef"
    },
    {
      "item": "minecraft:bowl"
    }
  ],
  "result": {
    "id": "minecraft:suspicious_stew",
    "components": {
      "minecraft:custom_name": "{\"color\":\"#990000\",\"italic\":true,\"text\":\"Beef Stew\"}",
      "minecraft:lore": [
        "{\"color\":\"gray\",\"italic\":false,\"text\":\"Haste I\"}",
        "{\"color\":\"gray\",\"italic\":false,\"text\":\"Strength I\"}",
        "\"   \"",
        "{\"color\":\"gray\",\"italic\":false,\"text\":\"A hearty dish made with chunks of\"}",
        "{\"color\":\"gray\",\"italic\":false,\"text\":\"beef, root vegetables like carrots,\"}",
        "{\"color\":\"gray\",\"italic\":false,\"text\":\"onions, and potatoes, simmered in a\"}",
        "{\"color\":\"gray\",\"italic\":false,\"text\":\"savory broth seasoned with herbs\"}",
        "{\"color\":\"gray\",\"italic\":false,\"text\":\"and spices.\"}"
      ],
      "minecraft:custom_model_data": 1,
      "minecraft:suspicious_stew_effects": [
        {
          "id": "minecraft:haste",
          "duration": 9600
        },
        {
          "id": "minecraft:strength",
          "duration": 9600
        },
        {
          "id": "minecraft:slowness",
          "duration": 1200
        },
        {
          "id": "minecraft:weakness",
          "duration": 300
        },
        {
          "id": "minecraft:saturation",
          "duration": 3600
        }
      ],
      "minecraft:max_stack_size": 3
    },
    "count": 1
  }
}