{
  "type": "minecraft:crafting_shapeless",
  "ingredients": [
    {
      "item": "minecraft:nether_wart"
    },
    {
      "item": "minecraft:nether_wart"
    },
    {
      "item": "minecraft:nether_wart"
    },
    {
      "item": "minecraft:honey_bottle"
    },
    {
      "item": "minecraft:wheat"
    },
    {
      "item": "minecraft:wheat"
    },
    {
      "item": "minecraft:glow_berries"
    },
    {
      "item": "minecraft:glow_berries"
    },
    {
      "item": "minecraft:glow_berries"
    }
  ],
  "result": {
    "id": "minecraft:potion",
    "components": {
      "minecraft:custom_name": "{\"color\":\"#cc9900\",\"italic\":true,\"text\":\"Mead\"}",
      "minecraft:lore": [
        "{\"color\":\"gray\",\"italic\":false,\"text\":\"An ancient fermented honey\"}",
        "{\"color\":\"gray\",\"italic\":false,\"text\":\"drink, varies in sweetness and\"}",
        "{\"color\":\"gray\",\"italic\":false,\"text\":\"dryness. Often featuring herbs or\"}",
        "{\"color\":\"gray\",\"italic\":false,\"text\":\"spices for added flavor.\"}"
      ],
      "minecraft:custom_model_data": 10,
      "minecraft:max_stack_size": 3,
      "minecraft:potion_contents": {
        "custom_color": 13408512,
        "custom_effects": [
          {
            "id": "minecraft:strength",
            "amplifier": 1,
            "duration": 3600,
            "ambient": false,
            "show_particles": false,
            "show_icon": false
          },
          {
            "id": "minecraft:resistance",
            "amplifier": 0,
            "duration": 3600,
            "ambient": false,
            "show_particles": false,
            "show_icon": false
          },
          {
            "id": "minecraft:slowness",
            "amplifier": 1,
            "duration": 600,
            "ambient": false,
            "show_particles": false,
            "show_icon": false
          },
          {
            "id": "minecraft:nausea",
            "amplifier": 0,
            "duration": 300,
            "ambient": false,
            "show_particles": true,
            "show_icon": true
          }
        ]
      }
    },
    "count": 1
  }
}