{
  "type": "minecraft:crafting_shapeless",
  "ingredients": [
    {
      "item": "minecraft:nether_wart"
    },
    {
      "item": "minecraft:nether_wart"
    },
    {
      "item": "minecraft:nether_wart"
    },
    {
      "item": "minecraft:honey_bottle"
    },
    {
      "item": "minecraft:ghast_tear"
    },
    {
      "item": "minecraft:glistering_melon_slice"
    },
    {
      "item": "minecraft:sweet_berries"
    },
    {
      "item": "minecraft:sweet_berries"
    },
    {
      "item": "minecraft:sweet_berries"
    }
  ],
  "result": {
    "id": "minecraft:potion",
    "components": {
      "minecraft:custom_name": "{\"color\":\"#660033\",\"italic\":true,\"text\":\"Mulled Wine\"}",
      "minecraft:lore": [
        "{\"color\":\"gray\",\"italic\":false,\"text\":\"A warm and spiced beverage made\"}",
        "{\"color\":\"gray\",\"italic\":false,\"text\":\"by simmering red wine with\"}",
        "{\"color\":\"gray\",\"italic\":false,\"text\":\"cinnamon sticks, cloves, star\"}",
        "{\"color\":\"gray\",\"italic\":false,\"text\":\"anise, orange peel, and sugar.\"}"
      ],
      "minecraft:custom_model_data": 10,
      "minecraft:max_stack_size": 3,
      "minecraft:potion_contents": {
        "custom_color": 6684723,
        "custom_effects": [
          {
            "id": "minecraft:regeneration",
            "amplifier": 2,
            "duration": 1200,
            "ambient": false,
            "show_particles": false,
            "show_icon": false
          },
          {
            "id": "minecraft:health_boost",
            "amplifier": 0,
            "duration": 1200,
            "ambient": false,
            "show_particles": false,
            "show_icon": false
          },
          {
            "id": "minecraft:nausea",
            "amplifier": 0,
            "duration": 300,
            "ambient": false,
            "show_particles": true,
            "show_icon": true
          }
        ]
      }
    },
    "count": 1
  }
}