{
  "type": "minecraft:crafting_shapeless",
  "ingredients": [
    {
      "item": "minecraft:carrot"
    },
    {
      "item": "minecraft:brown_mushroom"
    },
    {
      "item": "minecraft:brown_mushroom"
    },
    {
      "item": "minecraft:honey_bottle"
    },
    {
      "item": "minecraft:sweet_berries"
    },
    {
      "item": "minecraft:sweet_berries"
    },
    {
      "item": "minecraft:mutton"
    },
    {
      "item": "minecraft:beef"
    },
    {
      "item": "minecraft:bowl"
    }
  ],
  "result": {
    "id": "minecraft:suspicious_stew",
    "components": {
      "minecraft:custom_name": "{\"color\":\"#990033\",\"italic\":true,\"text\":\"Venison Stew\"}",
      "minecraft:lore": [
        "{\"color\":\"gray\",\"italic\":false,\"text\":\"Strength I\"}",
        "{\"color\":\"gray\",\"italic\":false,\"text\":\"Resistance I\"}",
        "\"   \"",
        "{\"color\":\"gray\",\"italic\":false,\"text\":\"A robust stew made with lean\"}",
        "{\"color\":\"gray\",\"italic\":false,\"text\":\"venison meat, root vegetables, and\"}",
        "{\"color\":\"gray\",\"italic\":false,\"text\":\"mushrooms, simmered in a rich red\"}",
        "{\"color\":\"gray\",\"italic\":false,\"text\":\"wine broth flavored with juniper\"}",
        "{\"color\":\"gray\",\"italic\":false,\"text\":\"berries, thyme, and bay leaves.\"}"
      ],
      "minecraft:custom_model_data": 6,
      "minecraft:suspicious_stew_effects": [
        {
          "id": "minecraft:saturation",
          "duration": 3600
        },
        {
          "id": "minecraft:strength",
          "duration": 9600
        },
        {
          "id": "minecraft:resistance",
          "duration": 9600
        },
        {
          "id": "minecraft:slowness",
          "duration": 1200
        }
      ],
      "minecraft:max_stack_size": 3
    },
    "count": 1
  }
}