[
  {
    "function": "minecraft:set_lore",
    "lore": [
      {
        "text": "Inferior",
        "color": "#cc0000",
        "italic": false
      },
      {
        "text": "+3 Armor",
        "color": "blue",
        "italic": false
      },
      {
        "text": "-1 Health",
        "color": "red",
        "italic": false
      },
      {
        "text": "-10% Speed",
        "color": "red",
        "italic": false
      }
    ],
    "mode": "insert"
  },
  {
    "function": "minecraft:set_attributes",
    "modifiers": [
      {
        "id": "8f41bbfe-211d-4be9-ad7a-3ddb09eb3da4",
        "attribute": "minecraft:generic.armor",
        "amount": 3,
        "operation": "add_value",
        "slot": "armor"
      },
      {
        "id": "8f41bbfe-211d-4be9-ad7a-3ddb09eb3da4",
        "attribute": "minecraft:generic.max_health",
        "amount": -1,
        "operation": "add_value",
        "slot": "armor"
      },
      {
        "id": "8f41bbfe-211d-4be9-ad7a-3ddb09eb3da4",
        "attribute": "minecraft:generic.movement_speed",
        "amount": -0.01,
        "operation": "add_value",
        "slot": "armor"
      },
      {
        "id": "8f41bbfe-211d-4be9-ad7a-3ddb09eb3da4",
        "attribute": "minecraft:generic.armor_toughness",
        "amount": 2,
        "operation": "add_value",
        "slot": "armor"
      }
      
    ]
  },
  {
    "function": "minecraft:set_custom_data",
    "tag": "{stats:1b}"
  },
  {
    "function":"toggle_tooltips",
	"toggles":{"attribute_modifiers":false}}
]
