{
  "type": "minecraft:crafting_shaped",
  "category": "equipment",
  "key": {
    "W": {
      "item": "minecraft:stick"
    },
    "o": {
      "item": "minecraft:flint"
    }
  },
  "pattern": [
    " o ",
    " W ",
    " W "
  ],
  "result": {
    "components": {
      "minecraft:max_damage": 25,
      "minecraft:custom_name": "{\"italic\":false,\"text\":\"Wooden Fork\"}",
      "minecraft:lore": [
        "{\"color\":\"gray\",\"italic\":false,\"text\":\"Very Low Durability\"}"
      ],
      "minecraft:custom_model_data": 1
    },
    "count": 1,
    "id": "minecraft:trident"
  }
}