{
  "display": {
    "icon": {
      "id": "minecraft:filled_map"
    },
    "title": {
      "text": "Not Empty at All",
      "color": "green",
      "bold": false,
      "italic": true
    },
    "description": {
      "text": "Visited Direwood Keep",
      "color": "gray",
      "bold": false,
      "italic": false
    },
    "frame": "task",
    "show_toast": true,
    "announce_to_chat": true,
    "hidden": false
  },
  "parent": "gd:root",
  "criteria": {
    "in_keep": {
      "trigger": "minecraft:location",
      "conditions": {
        "player": [
          {
            "condition": "minecraft:entity_properties",
            "entity": "this",
            "predicate": {
              "location": {
                "structures": "gd:direwood"
              }
            }
          }
        ]
      }
    }
  },
  "requirements": [
    [
      "in_keep"
    ]
  ]
}
