{
  "parent": "gd:4arcane_nodes",
  "display": {
    "title": {
      "text": "Artifacts of the Lands Beyond",
      "bold": false,
      "italic": true,
      "color": "aqua"
    },
    "description": {
      "text": "Find all Artifacts of the Lands Beyond",
      "color": "gray"
    },
    "icon": {
      "id": "minecraft:nether_star"
    },
    "frame": "task",
    "show_toast": true,
    "announce_to_chat": true,
    "hidden": false
  },
  "criteria": {
    "artifact_1": {
      "trigger": "minecraft:inventory_changed",
      "conditions": {
        "items": [
          {
            "items": "minecraft:enchanted_book",
              "components": {
                "minecraft:custom_data": "artifact_1:1b"
              }
          }
        ]
      }
    },"artifact_2": {
      "trigger": "minecraft:inventory_changed",
      "conditions": {
        "items": [
          {
            "items": "minecraft:echo_shard",
              "components": {
                "minecraft:custom_data": "artifact_2:1b"
              }
          }
        ]
      }
    },"artifact_3": {
      "trigger": "minecraft:inventory_changed",
      "conditions": {
        "items": [
          {
            "items": "minecraft:emerald",
              "components": {
                "minecraft:custom_data": "artifact_3:1b"
              }
          }
        ]
      }
    }
  },
  "requirements": [
    ["artifact_1"],["artifact_2"],["artifact_3"]

  ],
  "rewards": {
    "experience": 1000
  },
  "sends_telemetry_event": true
}







