{
  "display": {
    "icon": {
      "id": "minecraft:amethyst_shard"
    },
    "title": {
      "text": "Wandering Merchants",
      "color": "green",
      "bold": false,
      "italic": true
    },
    "description": {
      "text": "Meet a Rogue Merchant",
      "color": "gray",
      "bold": false,
      "italic": false
    },
    "frame": "task",
    "show_toast": true,
    "announce_to_chat": true,
    "hidden": false
  },
  "parent": "gd:3fair",
  "criteria": {
    "with_merchant": {
      "trigger": "minecraft:player_interacted_with_entity",
            "conditions": {
                "entity": {
                    "type": "minecraft:wandering_trader",
                    "nbt": "{Tags:[merchant]}"
                }
            }
          }
     
  },
  "requirements": [
    [
      "with_merchant"
    ]
  ]
}