{
  "display": {
    "title": {
        "text": "",
        "bold": false,
        "italic": false,
        "color": "white"
    },
    "description": {
        "text": "",
        "color": "white"
    },
    "icon": {
        "id": "minecraft:barrier"
    },
    "frame": "challenge",
    "show_toast": false,
    "announce_to_chat": false,
    "hidden": true
},
    "criteria": {
      "bossdevil": {
        "trigger": "minecraft:player_killed_entity",
        "conditions": {
          "entity": {
            "nbt": "{Tags:[boss.devil]}"
          }
        }
      }
    },
    "rewards": {
      "function": "gd_boss:devil/other/player_killed_boss"
    }
  }