[
  {
    "function": "minecraft:set_lore",
    "lore": [
      {
        "text": "Solid",
        "color": "#33ccff",
        "italic": false
      },
      {
        "text": "+3 Armor",
        "color": "blue",
        "italic": false
      },
      {
        "text": "+2 Health",
        "color": "blue",
        "italic": false
      }
    ],
    "mode": "insert"
  },
  {
    "function": "minecraft:set_attributes",
    "modifiers": [
      {
        "id": "46663d96-206e-475b-9571-bbe5cdc39935",
        "attribute": "minecraft:generic.armor",
        "amount": 3,
        "operation": "add_value",
        "slot": "armor"
      },
      {
        "id": "46663d96-206e-475b-9571-bbe5cdc39935",
        "attribute": "minecraft:generic.max_health",
        "amount": 2,
        "operation": "add_value",
        "slot": "armor"
      },
      {
        "id": "46663d96-206e-475b-9571-bbe5cdc39935",
        "attribute": "minecraft:generic.armor_toughness",
        "amount": 2,
        "operation": "add_value",
        "slot": "armor"
      }
      
    ]
  },
  {
    "function": "minecraft:set_custom_data",
    "tag": "{stats:1b}"
  },
  {
    "function":"toggle_tooltips",
	"toggles":{"attribute_modifiers":false}}
]
