[
  {
    "function": "minecraft:set_lore",
    "lore": [
      {
        "text": "Exquisite",
        "color": "gold",
        "italic": false
      },
      {
        "text": "+8 Armor",
        "color": "blue",
        "italic": false
      },
      {
        "text": "+4 Health",
        "color": "blue",
        "italic": false
      },
      {
        "text": "+10% Speed",
        "color": "blue",
        "italic": false
      },
      {
        "text": "+50% Jump Strength",
        "color": "blue",
        "italic": false
      },
      {
        "text": "-25% Burning Time",
        "color": "blue",
        "italic": false
      }
    ],
    "mode": "insert"
  },
  {
    "function": "minecraft:set_attributes",
    "modifiers": [
      {
        "id": "74b80479-1ba4-4924-b58f-4094d22481cb",
        "attribute": "minecraft:generic.armor",
        "amount": 8,
        "operation": "add_value",
        "slot": "armor"
      },
      {
        "id": "74b80479-1ba4-4924-b58f-4094d22481cb",
        "attribute": "minecraft:generic.max_health",
        "amount": 4,
        "operation": "add_value",
        "slot": "armor"
      },
      {
        "id": "74b80479-1ba4-4924-b58f-4094d22481cb",
        "attribute": "minecraft:generic.movement_speed",
        "amount": 0.01,
        "operation": "add_value",
        "slot": "armor"
      },
      {
        "id": "74b80479-1ba4-4924-b58f-4094d22481cb",
        "attribute": "minecraft:generic.jump_strength",
        "amount": 0.1,
        "operation": "add_value",
        "slot": "armor"
      },
      {
        "id": "74b80479-1ba4-4924-b58f-4094d22481cb",
        "attribute": "minecraft:generic.burning_time",
        "amount": -0.25,
        "operation": "add_value",
        "slot": "armor"
      },
      {
        "id": "74b80479-1ba4-4924-b58f-4094d22481cb",
        "attribute": "minecraft:generic.armor_toughness",
        "amount": 3,
        "operation": "add_value",
        "slot": "armor"
      }
      
    ]
  },
  {
    "function": "minecraft:set_custom_data",
    "tag": "{stats:1b}"
  },
  {
    "function":"toggle_tooltips",
	"toggles":{"attribute_modifiers":false}}
]