[
  {
    "function": "minecraft:set_lore",
    "lore": [
      {
        "text": "Reinforced",
        "color": "#9900ff",
        "italic": false
      },
      {
        "text": "+8 Armor",
        "color": "blue",
        "italic": false
      },
      {
        "text": "+2 Health",
        "color": "blue",
        "italic": false
      },
      {
        "text": "+25% Jump Strength",
        "color": "blue",
        "italic": false
      }
    ],
    "mode": "insert"
  },
  {
    "function": "minecraft:set_attributes",
    "modifiers": [
      {
        "id": "c73c767f-1b74-43df-9cfa-16b1e56fe878",
        "attribute": "minecraft:generic.armor",
        "amount": 8,
        "operation": "add_value",
        "slot": "armor"
      },
      {
        "id": "c73c767f-1b74-43df-9cfa-16b1e56fe878",
        "attribute": "minecraft:generic.max_health",
        "amount": 2,
        "operation": "add_value",
        "slot": "armor"
      },
      {
        "id": "c73c767f-1b74-43df-9cfa-16b1e56fe878",
        "attribute": "minecraft:generic.jump_strength",
        "amount": 0.05,
        "operation": "add_value",
        "slot": "armor"
      },
      {
        "id": "c73c767f-1b74-43df-9cfa-16b1e56fe878",
        "attribute": "minecraft:generic.armor_toughness",
        "amount": 2,
        "operation": "add_value",
        "slot": "armor"
      }
      
    ]
  },
  {
    "function": "minecraft:set_custom_data",
    "tag": "{stats:1b}"
  },
  {
    "function":"toggle_tooltips",
	"toggles":{"attribute_modifiers":false}}
]