[
  {
    "function": "minecraft:set_lore",
    "lore": [
      {
        "text": "Tough",
        "color": "#33ccff",
        "italic": false
      },
      {
        "text": "+8 Armor",
        "color": "blue",
        "italic": false
      },
      {
        "text": "+2 Health",
        "color": "blue",
        "italic": false
      },
      {
        "text": "+25% Jump Strength",
        "color": "blue",
        "italic": false
      }
    ],
    "mode": "insert"
  },
  {
    "function": "minecraft:set_attributes",
    "modifiers": [
      {
        "id": "6ec3f274-69c6-4e57-a19d-e0dc5c763c68",
        "attribute": "minecraft:generic.armor",
        "amount": 8,
        "operation": "add_value",
        "slot": "armor"
      },
      {
        "id": "6ec3f274-69c6-4e57-a19d-e0dc5c763c68",
        "attribute": "minecraft:generic.max_health",
        "amount": 2,
        "operation": "add_value",
        "slot": "armor"
      },
      {
        "id": "6ec3f274-69c6-4e57-a19d-e0dc5c763c68",
        "attribute": "minecraft:generic.jump_strength",
        "amount": 0.05,
        "operation": "add_value",
        "slot": "armor"
      },
      {
        "id": "6ec3f274-69c6-4e57-a19d-e0dc5c763c68",
        "attribute": "minecraft:generic.armor_toughness",
        "amount": 2,
        "operation": "add_value",
        "slot": "armor"
      }
      
    ]
  },
  {
    "function": "minecraft:set_custom_data",
    "tag": "{stats:1b}"
  },
  {
    "function":"toggle_tooltips",
	"toggles":{"attribute_modifiers":false}}
]
