{
  "type": "minecraft:equipment",
  "pools": [
    {
      "bonus_rolls": 0.0,
      "entries": [
        {
          "type": "minecraft:loot_table",
          "value": "gd:equipment/m_caves"
        }
      ],
      "rolls": 1.0
    },
    {
      "bonus_rolls": 0.0,
      "entries": [
        {
          "type": "minecraft:item",
          "name": "minecraft:bow",
          "weight": 2
        },
        {
          "type": "minecraft:item",
          "functions": [
            {
              "add": false,
              "enchantments": {
                "gd_enchantment:bleeding": 1.0
              },
              "function": "minecraft:set_enchantments"
            }
          ],
          "name": "minecraft:bow"
        },
        {
          "type": "minecraft:item",
          "functions": [
            {
              "add": false,
              "enchantments": {
                "gd_enchantment:poisoning": 1.0
              },
              "function": "minecraft:set_enchantments"
            }
          ],
          "name": "minecraft:bow"
        },
        {
          "type": "minecraft:item",
          "functions": [
            {
              "add": false,
              "enchantments": {
                "minecraft:power": 1.0
              },
              "function": "minecraft:set_enchantments"
            }
          ],
          "name": "minecraft:bow"
        },
        {
          "type": "minecraft:item",
          "functions": [
            {
              "add": false,
              "enchantments": {
                "minecraft:power": 2.0
              },
              "function": "minecraft:set_enchantments"
            }
          ],
          "name": "minecraft:bow"
        },
        {
          "type": "minecraft:item",
          "functions": [
            {
              "add": false,
              "enchantments": {
                "minecraft:power": 3.0
              },
              "function": "minecraft:set_enchantments"
            }
          ],
          "name": "minecraft:bow"
        }
      ],
      "rolls": 1.0
    }
  ],
  "random_sequence": "gd:equipment/m_caves_ranged"
}