{
  "type": "minecraft:equipment",
  "pools": [
    {
      "bonus_rolls": 0.0,
      "entries": [
        {
          "type": "minecraft:loot_table",
          "value": "gd:equipment/pillager"
        }
      ],
      "rolls": 1.0
    },
    {
      "bonus_rolls": 0.0,
      "entries": [
        {
          "type": "minecraft:item",
          "name": "minecraft:iron_hoe",
          "weight": 4
        },
        {
          "type": "minecraft:item",
          "functions": [
            {
              "add": false,
              "enchantments": {
                "minecraft:smite": 3.0
              },
              "function": "minecraft:set_enchantments"
            }
          ],
          "name": "minecraft:stone_axe"
        },
        {
          "type": "minecraft:item",
          "functions": [
            {
              "add": false,
              "enchantments": {
                "minecraft:sharpness": 4.0
              },
              "function": "minecraft:set_enchantments"
            }
          ],
          "name": "minecraft:stone_sword"
        },
        {
          "type": "minecraft:item",
          "functions": [
            {
              "add": false,
              "enchantments": {
                "gd_enchantment:bleeding": 1.0
              },
              "function": "minecraft:set_enchantments"
            }
          ],
          "name": "minecraft:stone_sword"
        },
        {
          "type": "minecraft:item",
          "functions": [
            {
              "add": false,
              "enchantments": {
                "gd_enchantment:poisoning": 1.0
              },
              "function": "minecraft:set_enchantments"
            }
          ],
          "name": "minecraft:iron_axe"
        },
        {
          "type": "minecraft:item",
          "functions": [
            {
              "add": false,
              "enchantments": {
                "minecraft:sharpness": 1.0
              },
              "function": "minecraft:set_enchantments"
            }
          ],
          "name": "minecraft:iron_sword"
        },
        {
          "type": "minecraft:item",
          "functions": [
            {
              "add": false,
              "enchantments": {
                "minecraft:sharpness": 2.0
              },
              "function": "minecraft:set_enchantments"
            }
          ],
          "name": "minecraft:iron_sword"
        },
        {
          "type": "minecraft:item",
          "functions": [
            {
              "add": false,
              "enchantments": {
                "minecraft:knockback": 3.0
              },
              "function": "minecraft:set_enchantments"
            }
          ],
          "name": "minecraft:iron_axe"
        },
        {
          "type": "minecraft:item",
          "functions": [
            {
              "add": false,
              "enchantments": {
                "minecraft:sharpness": 1.0
              },
              "function": "minecraft:set_enchantments"
            }
          ],
          "name": "minecraft:iron_sword"
        },
        {
          "type": "minecraft:item",
          "functions": [
            {
              "add": false,
              "enchantments": {
                "minecraft:sharpness": 1.0
              },
              "function": "minecraft:set_enchantments"
            }
          ],
          "name": "minecraft:diamond_axe"
        },
        {
          "type": "minecraft:item",
          "functions": [
            {
              "add": false,
              "enchantments": {
                "minecraft:sharpness": 3.0
              },
              "function": "minecraft:set_enchantments"
            }
          ],
          "name": "minecraft:diamond_hoe"
        },
        {
          "type": "minecraft:item",
          "functions": [
            {
              "add": false,
              "enchantments": {
                "gd_enchantment:bleeding": 1.0
              },
              "function": "minecraft:set_enchantments"
            }
          ],
          "name": "minecraft:diamond_sword"
        }
      ],
      "rolls": 1.0
    }
  ],
  "random_sequence": "gd:equipment/pillager_melee"
}