{
	"description": {
		"translate": "enchantment.minecraft.chorus_void",
		"fallback": "Choruss Void"
	  },
	"supported_items": "#gd_main:weapon_range",
	"slots": [
	  "mainhand"
	],
	"weight": 1,
	"anvil_cost": 12,
	"max_cost": {
	  "base": 10,
	  "per_level_above_first": 10
	},
  "exclusive_set": "#minecraft:exclusive_set/gd_bow",
	"max_level": 1,
	"min_cost": {
	  "base": 25,
	  "per_level_above_first": 10
	},
	"effects": {
	  "minecraft:projectile_spawned": [
		{
		  "effect": {
			"type": "minecraft:run_function",
			"function": "gd_enchantment:chorus_void/init"
		  }
	     }
	  ],
	"minecraft:tick": [
		{
		  "effect": {
			"type": "minecraft:run_function",
			"function": "gd_enchantment:chorus_void/tick"
		  },
			"requirements": {
				"condition": "entity_properties",
				"entity": "this",
				"predicate": {"flags": {"is_sneaking": true}}
			}
	     }
	  ]
	}
  }