{
	"description": {
		"translate": "enchantment.minecraft.floating",
		"fallback": "Floating"
	  },
	"supported_items": "#minecraft:enchantable/weapon",
	"slots": [
	  "mainhand"
	],
	"weight": 1,
	"anvil_cost": 8,
	"min_cost": {
	  "base": 10,
	  "per_level_above_first": 10
	},
  "exclusive_set": "#minecraft:exclusive_set/gd_gauge_sword",
	"max_cost": {
	  "base": 25,
	  "per_level_above_first": 10
	},
	"max_level": 1,
	"effects": {
	  "minecraft:post_attack": [
		{
		  "enchanted": "attacker",
		  "affected": "victim",
		  "effect": {
			"type": "minecraft:run_function",
			"function": "gd_enchantment:floating/post_attack"
		  }
		}
	  ]
	}
  }