{
	"description": "Horse I",
	"supported_items": "#minecraft:foot_armor",
	"slots": ["feet"],
	"weight": 1,
	"anvil_cost": 4,
	"min_cost": {
		"base": 20,
		"per_level_above_first": 0
	},
	"max_cost": {
		"base": 50,
		"per_level_above_first": 0
	},
	"max_level": 1,
	"effects": {
		"minecraft:tick": [{
			"effect": {
				"type": "minecraft:run_function",
				"function": "gd_enchantment:horse/horse_1"
			}

		}],"minecraft:location_changed": [
      {
        "effect": {
          "type": "minecraft:replace_disk",
          "block_state": {
            "type": "minecraft:simple_state_provider",
            "state": {
              "Name": "minecraft:basalt",
              "Properties": {
                "age": "0"
              }
            }
          },
          "height": 1.0,
          "offset": [
            0,
            -1,
            0
          ],
          "predicate": {
            "type": "minecraft:all_of",
            "predicates": [
              {
                "type": "minecraft:matching_block_tag",
                "offset": [
                  0,
                  1,
                  0
                ],
                "tag": "minecraft:air"
              },
              {
                "type": "minecraft:matching_blocks",
                "blocks": "minecraft:lava"
              },
              {
                "type": "minecraft:matching_fluids",
                "fluids": "minecraft:lava"
              },
              {
                "type": "minecraft:unobstructed"
              }
            ]
          },
          "radius": {
            "type": "minecraft:clamped",
            "max": 2.5,
            "min": 0.0,
            "value": {
              "type": "minecraft:linear",
              "base": 1.5,
              "per_level_above_first": 1.0
            }
          },
          "trigger_game_event": "minecraft:block_place"
        },
        "requirements": {
          "condition": "minecraft:entity_properties",
          "entity": "this",
          "predicate": {
            "flags": {
              "is_on_ground": true
            }
          }
        }
      }
    ]
	}
}
