{
	"description": {
		"translate": "enchantment.minecraft.knife_pouch",
		"fallback": "Knife Pouch"
	  },
	"supported_items": "#minecraft:swords",
	"slots": [
	  "mainhand"
	],
	"weight": 10,
	"anvil_cost": 5,
	"min_cost": {
	  "base": 1,
	  "per_level_above_first": 11
	},
  "exclusive_set": "#minecraft:exclusive_set/gd_right_click",
	"max_cost": {
	  "base": 21,
	  "per_level_above_first": 11
	},
	"max_level": 1,
	"effects": {
	  "minecraft:tick": [
		{
		  "effect": {
			"type": "minecraft:run_function",
			"function": "gd_enchantment:knife_pouch/stat"
		  }
		}
	  ]
	}
  }