{
	"description": {
		"translate": "enchantment.minecraft.molten_touch",
		"fallback": "Molten Touch"
	  },
	"supported_items": "#gd_main:smelting_tools",
	"slots": [
	  "mainhand"
	],
	"weight": 1,
	"anvil_cost": 8,
	"min_cost": {
	  "base": 10,
	  "per_level_above_first": 10
	},
  "exclusive_set": "#minecraft:exclusive_set/gd_mining",
	"max_cost": {
	  "base": 25,
	  "per_level_above_first": 10
	},
	"max_level": 1,
	"effects": {
		"minecraft:block_experience": [
			{
				"effect": {
					"type": "minecraft:set",
					"value": 0
				}
			}
	  ]
	}
  }
