{
	"description": {
		"translate": "enchantment.minecraft.quiver",
		"fallback": "Quiver"
	  },
	"supported_items": "#minecraft:chest_armor",
	"slots": [
	  "chest"
	],
	"weight": 2,
	"anvil_cost": 4,
	"min_cost": {
	  "base": 10,
	  "per_level_above_first": 10
	},
  "exclusive_set": "#minecraft:exclusive_set/gd_chestplate",
	"max_cost": {
	  "base": 25,
	  "per_level_above_first": 10
	},
	"max_level": 1,
	"effects": {
	  "minecraft:tick": [
		{
		  "effect": {
			"type": "minecraft:run_function",
			"function": "gd_enchantment:quiver/tick"
		  }
		}
	  ]
	}
  }