{
	"description": {
		"translate": "enchantment.minecraft.veil_of_shadows",
		"fallback": "Veil of Shadows"
	  },
	"supported_items": "#minecraft:foot_armor",
	"slots": [
	  "feet",
	  "chest"
	],
	"weight": 2,
	"anvil_cost": 4,
	"min_cost": {
	  "base": 10,
	  "per_level_above_first": 10
	},
  "exclusive_set": "#minecraft:exclusive_set/gd_boots",
	"max_cost": {
	  "base": 25,
	  "per_level_above_first": 10
	},
	"max_level": 1,
	"effects": {
	  "minecraft:tick": [
		{
		  "effect": {
			"type": "minecraft:run_function",
			"function": "gd_enchantment:veil_of_shadows/tick"
		  }
		}
	  ]
	}
  }