[
  {
    "function": "minecraft:set_lore",
    "lore": [
      {
        "text": "Brittle",
        "color": "#888888",
        "italic": false
      },
      {
        "text": "+5 Armor",
        "color": "blue",
        "italic": false
      },
      {
        "text": "-5% Speed",
        "color": "red",
        "italic": false
      }
    ],
    "mode": "insert"
  },
  {
    "function": "minecraft:set_attributes",
    "modifiers": [
      {
        "id": "827343d7-9bd1-46b3-aab1-23dd860e8f83",
        "attribute": "minecraft:generic.armor",
        "amount": 5,
        "operation": "add_value",
        "slot": "armor"
      },
      {
        "id": "827343d7-9bd1-46b3-aab1-23dd860e8f83",
        "attribute": "minecraft:generic.movement_speed",
        "amount": -0.005,
        "operation": "add_value",
        "slot": "armor"
      },
      {
        "id": "827343d7-9bd1-46b3-aab1-23dd860e8f83",
        "attribute": "minecraft:generic.armor_toughness",
        "amount": 0,
        "operation": "add_value",
        "slot": "armor"
      }
      
    ]
  },
  {
    "function": "minecraft:set_custom_data",
    "tag": "{stats:1b}"
  },
  {
    "function":"toggle_tooltips",
	"toggles":{"attribute_modifiers":false}}
]
