[
  {
    "function": "minecraft:set_lore",
    "lore": [
      {
        "text": "Damaged",
        "color": "#cc0000",
        "italic": false
      },
      {
        "text": "+5 Armor",
        "color": "blue",
        "italic": false
      },
      {
        "text": "-2 Health",
        "color": "red",
        "italic": false
      },
      {
        "text": "-10% Speed",
        "color": "red",
        "italic": false
      },
      {
        "text": "-25% Jump Strength",
        "color": "red",
        "italic": false
      },
      {
        "text": "+25% Burning Time",
        "color": "red",
        "italic": false
      }    ],
    "mode": "insert"
  },
  {
    "function": "minecraft:set_attributes",
    "modifiers": [
      {
        "id": "9b1b3428-8bb6-4c70-9489-47951f12ea9e",
        "attribute": "minecraft:generic.armor",
        "amount": 5,
        "operation": "add_value",
        "slot": "armor"
      },
      {
        "id": "9b1b3428-8bb6-4c70-9489-47951f12ea9e",
        "attribute": "minecraft:generic.max_health",
        "amount": -2,
        "operation": "add_value",
        "slot": "armor"
      },
      {
        "id": "9b1b3428-8bb6-4c70-9489-47951f12ea9e",
        "attribute": "minecraft:generic.movement_speed",
        "amount": -0.01,
        "operation": "add_value",
        "slot": "armor"
      },
      {
        "id": "9b1b3428-8bb6-4c70-9489-47951f12ea9e",
        "attribute": "minecraft:generic.jump_strength",
        "amount": -0.1,
        "operation": "add_value",
        "slot": "armor"
      },
      {
        "id": "9b1b3428-8bb6-4c70-9489-47951f12ea9e",
        "attribute": "minecraft:generic.burning_time",
        "amount": 0.25,
        "operation": "add_value",
        "slot": "armor"
      },
      {
        "id": "9b1b3428-8bb6-4c70-9489-47951f12ea9e",
        "attribute": "minecraft:generic.armor_toughness",
        "amount": 0,
        "operation": "add_value",
        "slot": "armor"
      }
      
    ]
  },
  {
    "function": "minecraft:set_custom_data",
    "tag": "{stats:1b}"
  },
  {
    "function":"toggle_tooltips",
	"toggles":{"attribute_modifiers":false}}
]



