[
  {
    "function": "minecraft:set_lore",
    "lore": [
      {
        "text": "Flimsy",
        "color": "#888888",
        "italic": false
      },
      {
        "text": "+2 Armor",
        "color": "blue",
        "italic": false
      }
    ],
    "mode": "insert"
  },
  {
    "function": "minecraft:set_attributes",
    "modifiers": [
      {
        "id": "c7befe35-da29-42c2-a395-1d348a73f124",
        "attribute": "minecraft:generic.armor",
        "amount": 2,
        "operation": "add_value",
        "slot": "armor"
      },
      {
        "id": "c7befe35-da29-42c2-a395-1d348a73f124",
        "attribute": "minecraft:generic.armor_toughness",
        "amount": 0,
        "operation": "add_value",
        "slot": "armor"
      }
      
    ]
  },
  {
    "function": "minecraft:set_custom_data",
    "tag": "{stats:1b}"
  },
  {
    "function":"toggle_tooltips",
	"toggles":{"attribute_modifiers":false}}
]
