{
  "type": "minecraft:crafting_shapeless",
  "category": "equipment",
  "ingredients": [
    {
      "item": "minecraft:arrow"
    },
    {
      "item": "minecraft:iron_ingot"
    }
  ],
  "result": {
    "id": "minecraft:arrow",
    "count": 2,
    "components": {
      "minecraft:custom_name": "{\"color\":\"#eeeeee\",\"italic\":true,\"text\":\"Iron Arrow\"}",
      "minecraft:lore": [
        "{\"text\":\"+60% Damage to living victims\",\"italic\":false,\"color\":\"gray\"}"
      ],
      "minecraft:potion_contents": {
        "custom_color": 13750737,
        "custom_effects": [
          {
            "id": "minecraft:instant_damage",
            "amplifier": 1,
            "duration": 10,
            "ambient": false,
            "show_particles": false,
            "show_icon": false
          }
        ]
      },
      "minecraft:custom_model_data": 4
    }
  }
}
