{
  "type": "minecraft:jigsaw",
  "biomes": "#gd:has_structure/cloud_nomads_biome",
  "step": "surface_structures",
  "spawn_overrides": {},
  "terrain_adaptation": "none",
  "start_pool": "gd:cloud_nomads_start",
  "size": 7,
  "start_height": {
    "type": "constant",
    "value": {
        "above_bottom": 150
    }
}
,
  "project_start_to_heightmap": "WORLD_SURFACE",
  "max_distance_from_center": 128,
  "use_expansion_hack": false,
  "liquid_settings": "ignore_waterlogging"
}
