{
  "criteria": {
    "in_blackstone_maze": {
      "trigger": "minecraft:location",
      "conditions": {
        "player": [
          {
            "condition": "minecraft:entity_properties",
            "entity": "this",
            "predicate": {
              "location": {
                "structures": "gd:maze"
              }
            }
          }
        ]
      }
    }
  },
  "requirements": [
    [
      "in_blackstone_maze"
    ]
  ],
  "rewards": {
    "function": "gd:hidden/adventure"
  }
}
